-- MySQL dump 10.13  Distrib 8.0.12, for osx10.13 (x86_64)
--
-- Host: i943okdfa47xqzpy.cbetxkdyhwsb.us-east-1.rds.amazonaws.com    Database: df8vftw67f4bodmt
-- ------------------------------------------------------
-- Server version	5.7.23-log

/*!40101 SET @OLD_CHARACTER_SET_CLIENT=@@CHARACTER_SET_CLIENT */;
/*!40101 SET @OLD_CHARACTER_SET_RESULTS=@@CHARACTER_SET_RESULTS */;
/*!40101 SET @OLD_COLLATION_CONNECTION=@@COLLATION_CONNECTION */;
 SET NAMES utf8mb4 ;
/*!40103 SET @OLD_TIME_ZONE=@@TIME_ZONE */;
/*!40103 SET TIME_ZONE='+00:00' */;
/*!40014 SET @OLD_UNIQUE_CHECKS=@@UNIQUE_CHECKS, UNIQUE_CHECKS=0 */;
/*!40014 SET @OLD_FOREIGN_KEY_CHECKS=@@FOREIGN_KEY_CHECKS, FOREIGN_KEY_CHECKS=0 */;
/*!40101 SET @OLD_SQL_MODE=@@SQL_MODE, SQL_MODE='NO_AUTO_VALUE_ON_ZERO' */;
/*!40111 SET @OLD_SQL_NOTES=@@SQL_NOTES, SQL_NOTES=0 */;
SET @MYSQLDUMP_TEMP_LOG_BIN = @@SESSION.SQL_LOG_BIN;
SET @@SESSION.SQL_LOG_BIN= 0;

--
-- GTID state at the beginning of the backup 
--

SET @@GLOBAL.GTID_PURGED=/*!80000 '+'*/ '';

--
-- Table structure for table `assignments`
--

DROP TABLE IF EXISTS `assignments`;
/*!40101 SET @saved_cs_client     = @@character_set_client */;
 SET character_set_client = utf8mb4 ;
CREATE TABLE `assignments` (
  `id` int(11) NOT NULL AUTO_INCREMENT,
  `is_fixed` tinyint(1) DEFAULT NULL,
  `effort` decimal(2,1) DEFAULT NULL,
  `user_id` int(11) DEFAULT NULL,
  `project_id` int(11) DEFAULT NULL,
  `created_at` datetime DEFAULT NULL,
  `updated_at` datetime DEFAULT NULL,
  `set_period_id` decimal(6,2) DEFAULT NULL,
  `tech_sys_id` int(11) DEFAULT '0',
  PRIMARY KEY (`id`),
  KEY `index_assignments_on_project_id` (`project_id`) USING BTREE,
  KEY `index_assignments_on_set_period_id` (`set_period_id`) USING BTREE,
  KEY `index_assignments_on_user_id` (`user_id`) USING BTREE
) ENGINE=InnoDB AUTO_INCREMENT=471 DEFAULT CHARSET=utf8 COLLATE=utf8_unicode_ci;
/*!40101 SET character_set_client = @saved_cs_client */;

--
-- Dumping data for table `assignments`
--

LOCK TABLES `assignments` WRITE;
/*!40000 ALTER TABLE `assignments` DISABLE KEYS */;
INSERT INTO `assignments` VALUES (3,1,1.0,17,609,'2019-10-18 18:51:07','2020-03-04 01:47:09',2019.50,1),(4,1,1.0,18,611,'2019-10-18 18:53:16','2020-01-20 02:52:35',2019.37,1),(5,1,1.0,17,609,'2019-10-18 23:44:46','2020-03-04 01:47:23',2019.51,1),(6,1,1.0,18,611,'2019-10-18 23:44:46','2020-01-20 02:52:36',2019.38,1),(13,1,0.5,25,1,'2019-10-21 19:53:27','2020-01-20 02:52:36',2019.38,13),(14,1,1.0,26,617,'2019-10-21 21:25:59','2020-01-20 02:52:36',2019.38,11),(15,1,1.0,27,618,'2019-10-21 21:26:53','2020-03-04 02:45:11',2019.39,11),(16,1,1.0,28,618,'2019-10-21 21:28:38','2020-01-20 02:52:36',2019.38,11),(17,1,0.4,29,617,'2019-10-21 21:29:15','2020-03-04 02:52:01',2019.39,11),(18,1,1.0,30,630,'2019-10-21 22:04:24','2020-01-20 02:52:36',2019.38,13),(19,1,0.5,25,609,'2019-10-21 22:05:56','2020-01-20 02:52:36',2019.38,6),(20,1,1.0,19,618,'2019-10-21 22:40:43','2020-01-20 02:52:36',2019.38,13),(21,1,0.5,20,613,'2019-10-21 22:42:18','2020-01-20 02:52:36',2019.38,13),(22,1,0.5,20,612,'2019-10-21 22:42:51','2020-01-20 02:52:36',2019.38,12),(23,1,0.5,21,611,'2019-10-21 22:43:40','2020-01-20 02:52:36',2019.38,13),(24,1,0.3,21,609,'2019-10-21 22:44:16','2020-01-20 02:52:36',2019.38,13),(25,1,0.2,21,612,'2019-10-21 22:44:55','2020-01-20 02:52:36',2019.38,13),(26,1,1.0,23,615,'2019-10-21 22:45:39','2020-01-20 02:52:37',2019.38,13),(27,1,1.0,22,612,'2019-10-21 22:46:10','2020-01-20 02:52:37',2019.38,12),(28,1,1.0,24,613,'2019-10-21 22:46:38','2020-01-20 02:52:37',2019.38,13),(29,1,0.5,31,620,'2019-10-22 17:57:47','2020-01-20 02:52:37',2019.37,7),(30,1,0.5,31,621,'2019-10-22 18:00:04','2020-01-20 02:52:37',2019.38,7),(31,1,0.5,31,620,'2019-10-22 18:01:43','2020-01-20 02:52:37',2019.38,7),(32,1,0.5,32,622,'2019-10-22 18:02:06','2020-01-20 02:52:37',2019.38,7),(33,1,0.5,33,627,'2019-10-22 18:04:26','2020-01-20 02:52:37',2019.38,7),(34,1,0.5,32,623,'2019-10-22 18:08:41','2020-01-20 02:52:37',2019.38,7),(40,1,1.0,17,609,'2019-10-24 15:50:24','2020-03-04 01:42:10',2019.39,1),(41,1,1.0,18,611,'2019-10-24 15:50:27','2020-03-04 02:05:59',2019.39,1),(42,1,1.0,34,611,'2019-10-25 20:59:18','2020-01-20 02:52:37',2019.38,13),(43,1,1.0,35,611,'2019-10-25 20:59:41','2020-01-20 02:52:37',2019.38,13),(44,1,1.0,36,611,'2019-10-25 21:00:06','2020-01-20 02:52:37',2019.38,13),(45,1,1.0,37,611,'2019-10-25 21:00:24','2020-01-20 02:52:37',2019.38,13),(46,1,1.0,38,611,'2019-10-25 21:00:51','2020-01-20 02:52:37',2019.38,13),(47,1,1.0,34,611,'2019-10-25 22:14:51','2020-01-20 02:52:37',2020.02,13),(48,1,1.0,35,611,'2019-10-25 22:14:52','2020-01-20 02:52:37',2020.02,13),(49,1,1.0,36,611,'2019-10-25 22:14:54','2020-03-04 02:54:36',2019.40,13),(50,1,1.0,37,611,'2019-10-25 22:14:55','2020-01-20 02:52:37',2020.02,13),(51,1,1.0,38,611,'2019-10-25 22:14:57','2020-01-20 02:52:37',2020.02,13),(52,1,1.0,19,618,'2019-10-28 19:27:36','2020-03-04 03:00:06',2019.39,13),(53,1,0.5,20,613,'2019-10-28 19:27:36','2020-03-04 03:19:44',2019.40,13),(54,1,0.5,20,612,'2019-10-28 19:27:36','2020-03-04 03:19:51',2019.40,12),(55,1,0.5,21,611,'2019-10-28 19:27:36','2020-03-04 03:24:26',2019.40,13),(56,1,0.3,21,609,'2019-10-28 19:27:36','2020-03-04 03:24:34',2019.40,13),(57,1,0.2,21,612,'2019-10-28 19:27:36','2020-03-04 03:24:41',2019.40,13),(58,1,1.0,22,612,'2019-10-28 19:27:36','2020-03-04 03:29:25',2019.45,12),(59,1,1.0,23,615,'2019-10-28 19:27:36','2020-03-04 03:12:39',2019.39,13),(60,1,1.0,24,613,'2019-10-28 19:27:36','2020-03-04 03:30:53',2019.44,13),(61,1,0.5,25,1,'2019-10-28 19:27:36','2020-03-04 03:34:04',2019.41,13),(62,1,0.5,25,609,'2019-10-28 19:27:37','2020-03-04 03:33:54',2019.41,6),(63,1,1.0,30,630,'2019-10-28 19:27:37','2020-01-20 02:52:38',2020.02,13),(64,1,1.0,26,617,'2019-10-28 19:42:08','2020-03-04 02:13:58',2019.39,11),(65,1,1.0,27,618,'2019-10-28 19:42:20','2020-03-04 02:37:53',2019.40,11),(66,1,1.0,28,618,'2019-10-28 19:42:28','2020-03-04 02:50:00',2019.41,11),(67,1,1.0,29,617,'2019-10-28 19:42:33','2020-03-04 02:52:34',2019.40,11),(70,1,0.3,31,621,'2019-10-30 14:49:35','2020-03-04 03:40:48',2019.45,7),(71,1,0.3,31,623,'2019-10-30 14:49:49','2020-03-04 03:40:55',2019.45,7),(72,1,0.5,32,623,'2019-10-30 14:50:07','2020-01-20 02:52:38',2020.02,7),(73,1,0.2,31,630,'2019-10-30 14:52:04','2020-03-04 03:41:02',2019.45,7),(74,1,0.2,31,620,'2019-10-30 14:52:23','2020-03-04 03:42:03',2019.49,7),(75,1,0.3,32,622,'2019-10-30 14:53:08','2020-01-20 02:52:38',2020.02,7),(76,1,0.2,32,1,'2019-10-30 14:54:08','2020-01-20 02:52:38',2020.02,7),(77,1,1.0,33,631,'2019-10-30 14:54:33','2020-03-04 03:48:44',2019.43,7),(78,1,0.5,31,623,'2019-11-04 05:52:10','2020-03-04 03:39:18',2019.43,7),(79,1,0.5,31,620,'2019-11-04 05:52:25','2020-03-04 03:39:26',2019.43,7),(80,1,1.0,32,623,'2019-11-04 05:52:39','2020-01-20 02:52:39',2020.03,7),(81,1,1.0,33,631,'2019-11-04 05:52:48','2020-03-04 03:48:21',2019.45,7),(82,1,1.0,39,1,'2019-11-05 16:30:54','2020-03-04 03:50:41',2019.46,6),(83,1,1.0,40,1,'2019-11-05 17:33:00','2020-03-04 03:17:40',2019.41,13),(84,1,1.0,30,613,'2019-11-05 17:34:02','2020-03-04 02:11:09',2019.42,9),(85,1,0.2,25,609,'2019-11-05 17:34:43','2020-03-04 03:33:00',2019.39,6),(86,1,0.4,25,615,'2019-11-05 17:35:40','2020-03-04 03:32:50',2019.39,13),(87,1,0.4,25,632,'2019-11-05 17:37:43','2020-03-04 03:35:02',2019.45,13),(88,1,1.0,24,613,'2019-11-05 17:38:01','2020-03-04 03:30:36',2019.42,13),(92,1,1.0,21,608,'2019-11-05 17:41:25','2020-03-04 03:25:58',2019.52,13),(93,1,1.0,22,612,'2019-11-05 17:41:34','2020-03-04 03:29:01',2019.43,12),(94,1,0.2,20,612,'2019-11-05 17:42:05','2020-03-04 03:21:22',2019.43,12),(95,1,0.5,20,611,'2019-11-05 17:42:46','2020-03-04 03:21:33',2019.43,13),(96,1,0.3,20,616,'2019-11-05 17:43:17','2020-03-04 03:21:45',2019.43,13),(97,1,0.3,19,618,'2019-11-05 17:43:30','2020-03-04 03:03:06',2019.40,13),(98,1,0.7,19,630,'2019-11-05 17:44:37','2020-03-04 03:03:29',2019.40,13),(99,1,0.5,23,615,'2019-11-05 17:44:50','2020-03-04 03:11:10',2019.40,13),(100,1,0.5,23,632,'2019-11-05 17:46:25','2020-03-04 03:11:23',2019.49,13),(101,1,0.8,26,618,'2019-11-05 18:35:23','2020-03-04 02:15:23',2019.41,11),(102,1,0.2,26,617,'2019-11-05 18:35:57','2020-03-04 02:15:36',2019.41,11),(103,1,1.0,27,630,'2019-11-05 18:39:49','2020-03-04 02:40:58',2019.50,11),(104,1,1.0,29,617,'2019-11-05 18:40:12','2020-03-04 02:53:01',2019.42,11),(105,1,1.0,41,1,'2019-11-05 18:41:12','2020-03-04 02:57:23',2019.49,11),(106,1,1.0,17,609,'2019-11-05 22:22:12','2020-03-04 01:43:31',2019.42,1),(107,1,1.0,18,611,'2019-11-05 22:22:15','2020-03-04 02:06:23',2019.40,1),(108,1,1.0,34,611,'2019-11-05 22:22:17','2020-01-20 02:52:39',2020.03,13),(109,1,1.0,35,611,'2019-11-05 22:22:18','2020-01-20 02:52:39',2020.03,13),(110,1,1.0,36,611,'2019-11-05 22:22:20','2020-03-04 02:55:00',2019.42,13),(111,1,1.0,37,611,'2019-11-05 22:22:23','2020-01-20 02:52:39',2020.03,13),(112,1,1.0,38,611,'2019-11-05 22:22:25','2020-01-20 02:52:39',2020.03,13),(113,1,0.5,31,620,'2019-11-11 01:03:11','2020-03-04 03:38:39',2019.41,7),(114,1,0.5,31,623,'2019-11-11 01:03:16','2020-03-04 03:38:46',2019.41,7),(115,1,1.0,32,623,'2019-11-11 01:03:29','2020-01-20 02:52:40',2020.04,7),(116,1,1.0,33,631,'2019-11-11 01:03:35','2020-03-04 03:48:04',2019.49,7),(117,1,1.0,39,1,'2019-11-11 01:03:45','2020-03-04 03:50:07',2019.50,6),(118,1,0.3,19,618,'2019-11-12 19:34:17','2020-03-04 03:03:59',2019.41,13),(123,1,1.0,21,608,'2019-11-12 19:34:17','2020-03-04 03:26:10',2019.46,13),(124,1,1.0,22,612,'2019-11-12 19:34:17','2020-03-04 03:28:26',2019.40,12),(125,1,0.5,23,615,'2019-11-12 19:34:17','2020-03-04 03:09:56',2019.40,13),(126,1,0.5,23,632,'2019-11-12 19:34:17','2020-03-04 03:10:10',2019.51,13),(127,1,1.0,24,613,'2019-11-12 19:34:17','2020-03-04 03:30:21',2019.40,13),(128,1,0.2,25,609,'2019-11-12 19:34:17','2020-03-04 03:33:34',2019.40,6),(129,1,0.4,25,615,'2019-11-12 19:34:17','2020-03-04 03:33:27',2019.40,13),(130,1,0.4,25,632,'2019-11-12 19:34:17','2020-03-04 03:33:20',2019.40,13),(131,1,1.0,30,613,'2019-11-12 19:34:17','2020-03-04 02:11:41',2019.46,9),(132,1,1.0,40,1,'2019-11-12 19:34:17','2020-03-04 03:17:17',2019.40,13),(133,1,0.7,19,612,'2019-11-12 19:35:43','2020-03-04 03:04:07',2019.41,13),(134,1,1.0,20,608,'2019-11-12 19:38:51','2020-03-04 03:22:23',2019.47,2),(135,1,1.0,17,609,'2019-11-13 18:19:50','2020-03-04 01:47:54',2019.52,1),(136,1,1.0,18,611,'2019-11-13 18:19:52','2020-03-04 02:06:40',2019.41,1),(137,1,1.0,34,611,'2019-11-13 18:19:53','2020-01-20 02:52:40',2020.04,13),(138,1,1.0,35,611,'2019-11-13 18:19:55','2020-01-20 02:52:40',2020.04,13),(139,1,1.0,36,611,'2019-11-13 18:19:56','2020-03-04 02:55:22',2019.44,13),(140,1,1.0,37,611,'2019-11-13 18:19:57','2020-01-20 02:52:40',2020.04,13),(141,1,1.0,38,611,'2019-11-13 18:19:58','2020-01-20 02:52:40',2020.04,13),(142,1,0.8,26,618,'2019-11-13 18:20:26','2020-03-04 02:16:20',2019.43,11),(143,1,0.2,26,617,'2019-11-13 18:20:26','2020-03-04 02:16:09',2019.43,11),(144,1,0.8,26,618,'2019-11-13 18:20:32','2020-01-20 02:52:41',2019.37,11),(145,1,0.2,26,617,'2019-11-13 18:20:32','2020-01-20 02:52:41',2019.37,11),(146,1,1.0,27,630,'2019-11-13 18:20:34','2020-03-04 02:39:16',2018.48,11),(147,1,1.0,28,618,'2019-11-13 18:20:40','2020-03-04 02:49:04',2019.40,11),(148,1,1.0,29,617,'2019-11-13 18:20:43','2020-03-04 02:53:37',2019.45,11),(149,1,1.0,41,1,'2019-11-13 18:20:47','2020-03-04 02:56:15',2019.51,11),(150,1,1.0,28,618,'2019-11-13 18:20:52','2020-03-04 02:48:50',2019.39,11),(151,1,0.5,31,620,'2019-11-15 17:01:26','2020-03-04 03:37:34',2019.36,7),(152,1,0.5,31,623,'2019-11-15 17:01:30','2020-01-20 02:52:41',2019.37,7),(153,1,1.0,33,631,'2019-11-15 17:01:38','2020-01-20 02:52:41',2019.37,7),(154,1,1.0,32,623,'2019-11-15 17:01:42','2020-01-20 02:52:41',2019.37,7),(155,1,1.0,39,1,'2019-11-15 17:01:47','2020-01-20 02:52:41',2019.37,6),(156,1,0.1,19,618,'2019-11-22 18:05:46','2020-01-20 02:52:41',2019.37,13),(158,1,1.0,20,608,'2019-11-22 18:05:46','2020-01-20 02:52:41',2019.37,2),(160,1,1.0,22,612,'2019-11-22 18:05:46','2020-01-20 02:52:41',2019.37,12),(161,1,0.5,23,615,'2019-11-22 18:05:46','2020-01-20 02:52:41',2019.37,13),(162,1,0.5,23,632,'2019-11-22 18:05:46','2020-01-20 02:52:41',2019.37,13),(163,1,1.0,24,613,'2019-11-22 18:05:46','2020-01-20 02:52:41',2019.37,13),(164,1,0.2,25,609,'2019-11-22 18:05:47','2020-01-20 02:52:41',2019.37,6),(165,1,0.4,25,615,'2019-11-22 18:05:47','2020-01-20 02:52:41',2019.37,13),(166,1,0.4,25,632,'2019-11-22 18:05:47','2020-01-20 02:52:41',2019.37,13),(167,1,1.0,30,613,'2019-11-22 18:05:47','2020-01-20 02:52:41',2019.37,9),(168,1,1.0,40,1,'2019-11-22 18:05:47','2020-01-20 02:52:41',2019.37,13),(169,0,0.9,19,608,'2019-11-22 18:30:06','2020-01-20 02:52:41',2019.37,13),(170,1,1.0,21,3,'2019-11-22 18:31:22','2020-01-20 02:52:41',2019.37,13),(171,1,1.0,17,609,'2019-11-24 16:13:10','2020-01-20 02:52:41',2019.37,1),(172,1,1.0,18,611,'2019-11-24 16:13:13','2020-01-20 02:52:41',2019.37,1),(173,1,1.0,34,611,'2019-11-24 16:13:15','2020-01-20 02:52:42',2019.37,13),(174,1,1.0,35,611,'2019-11-24 16:13:16','2020-01-20 02:52:42',2019.37,13),(175,1,1.0,36,611,'2019-11-24 16:13:17','2020-01-20 02:52:42',2019.37,13),(176,1,1.0,37,611,'2019-11-24 16:13:18','2020-01-20 02:52:42',2019.37,13),(177,1,1.0,38,611,'2019-11-24 16:13:20','2020-01-20 02:52:42',2019.37,13),(178,1,0.4,31,630,'2019-11-24 23:57:03','2020-03-04 03:37:19',2019.39,7),(179,1,0.4,32,630,'2019-11-24 23:57:47','2020-01-20 02:52:42',2019.38,7),(180,1,0.4,33,630,'2019-11-24 23:58:05','2020-01-20 02:52:42',2019.38,7),(181,1,0.4,39,630,'2019-11-24 23:58:36','2020-01-20 02:52:42',2019.38,7),(182,1,0.6,32,623,'2019-11-24 23:58:55','2020-01-20 02:52:42',2019.38,7),(183,1,0.6,31,631,'2019-11-24 23:59:26','2020-03-04 03:37:25',2019.39,7),(184,1,0.6,33,631,'2019-11-24 23:59:43','2020-01-20 02:52:42',2019.38,7),(185,1,0.6,39,1,'2019-11-25 00:00:06','2020-01-20 02:52:42',2019.38,13),(186,1,1.0,17,609,'2019-11-25 23:11:26','2020-01-20 02:52:42',2019.38,1),(187,1,1.0,18,611,'2019-11-25 23:11:33','2020-01-20 02:52:42',2019.38,1),(188,1,1.0,34,611,'2019-11-25 23:11:35','2020-01-20 02:52:42',2019.38,13),(189,1,1.0,35,611,'2019-11-25 23:11:37','2020-01-20 02:52:42',2019.38,13),(190,1,1.0,36,611,'2019-11-25 23:11:39','2020-01-20 02:52:42',2019.38,13),(191,1,1.0,37,611,'2019-11-25 23:11:42','2020-01-20 02:52:42',2019.38,13),(192,1,1.0,38,611,'2019-11-25 23:11:45','2020-01-20 02:52:42',2019.38,13),(193,1,0.6,26,617,'2019-11-27 23:34:25','2020-01-20 02:52:42',2019.38,11),(194,1,1.0,27,630,'2019-11-27 23:35:32','2020-01-20 02:52:42',2019.37,11),(195,1,0.6,27,617,'2019-11-27 23:37:54','2020-01-20 02:52:42',2019.38,11),(196,1,0.8,28,1,'2019-11-27 23:39:46','2020-01-20 02:52:42',2019.37,11),(197,1,0.2,28,630,'2019-11-27 23:40:23','2020-01-20 02:52:42',2019.37,11),(198,1,0.4,28,1,'2019-11-27 23:40:40','2020-01-20 02:52:42',2019.38,11),(199,1,0.6,28,630,'2019-11-27 23:41:00','2020-01-20 02:52:42',2019.38,11),(200,1,1.0,29,617,'2019-11-27 23:41:30','2020-01-20 02:52:42',2019.37,11),(201,1,0.6,29,617,'2019-11-27 23:41:33','2020-01-20 02:52:42',2019.38,11),(202,1,1.0,41,1,'2019-11-27 23:41:50','2020-01-20 02:52:42',2019.37,11),(203,1,0.4,41,1,'2019-11-27 23:41:52','2020-01-20 02:52:42',2019.38,11),(204,1,0.6,41,630,'2019-11-27 23:42:32','2020-01-20 02:52:42',2019.38,11),(205,1,0.4,29,630,'2019-11-27 23:43:04','2020-03-04 02:52:17',2019.39,11),(206,1,0.4,27,630,'2019-11-27 23:43:35','2020-01-20 02:52:43',2019.38,11),(207,1,0.4,26,630,'2019-11-27 23:43:55','2020-01-20 02:52:43',2019.38,11),(208,1,0.2,26,617,'2019-11-27 23:44:28','2020-03-04 02:14:13',2019.40,11),(209,1,0.8,26,630,'2019-11-27 23:44:49','2020-03-04 02:14:25',2019.40,11),(210,1,1.0,29,617,'2019-11-27 23:45:21','2020-03-04 02:52:50',2019.41,11),(211,1,0.2,29,608,'2019-11-27 23:47:36','2020-03-04 02:52:09',2019.39,11),(212,1,1.0,25,630,'2019-12-02 03:06:31','2020-03-04 03:34:34',2019.47,13),(213,1,1.0,20,608,'2019-12-02 03:08:35','2020-03-04 03:19:16',2019.39,2),(214,1,1.0,20,608,'2019-12-02 03:08:48','2020-03-04 03:20:14',2019.42,2),(215,1,1.0,30,608,'2019-12-02 03:09:17','2020-03-04 02:10:29',2019.40,2),(216,1,0.3,19,612,'2019-12-02 03:10:24','2020-03-04 03:04:43',2019.42,13),(217,1,0.7,19,1,'2019-12-02 03:11:17','2020-03-04 03:04:35',2019.42,13),(218,1,1.0,21,3,'2019-12-02 03:11:30','2020-03-04 03:23:35',2019.39,13),(219,1,1.0,21,609,'2019-12-02 03:11:35','2020-03-04 03:27:13',2019.49,13),(220,1,1.0,22,612,'2019-12-02 03:12:12','2020-01-20 02:52:43',2019.38,12),(221,1,1.0,22,612,'2019-12-02 03:12:17','2020-03-04 03:29:08',2019.44,12),(222,1,0.5,23,615,'2019-12-02 03:12:26','2020-01-20 02:52:43',2019.38,13),(223,1,0.5,23,615,'2019-12-02 03:12:38','2020-03-04 03:13:04',2019.42,13),(224,1,0.5,23,632,'2019-12-02 03:12:43','2020-01-20 02:52:43',2019.38,13),(225,1,0.5,23,632,'2019-12-02 03:12:48','2020-03-04 03:14:16',2019.46,13),(226,1,1.0,24,613,'2019-12-02 03:12:58','2020-01-20 02:52:43',2019.38,13),(227,1,1.0,24,613,'2019-12-02 03:13:13','2020-03-04 03:31:00',2019.45,13),(228,1,1.0,40,1,'2019-12-02 03:13:21','2020-01-20 02:52:43',2019.38,13),(229,1,1.0,40,1,'2019-12-02 03:13:35','2020-03-04 03:17:59',2019.43,13),(230,1,0.6,31,615,'2019-12-02 13:14:44','2020-03-04 03:40:13',2019.41,7),(231,1,0.4,31,634,'2019-12-02 13:15:08','2020-03-04 03:41:51',2019.49,7),(232,1,0.6,32,615,'2019-12-02 13:15:29','2020-01-20 02:52:43',2020.02,7),(233,1,0.4,32,634,'2019-12-02 13:15:40','2020-01-20 02:52:43',2020.02,7),(234,1,1.0,39,633,'2019-12-02 13:16:00','2020-03-04 03:50:59',2019.44,13),(235,1,1.0,33,631,'2019-12-02 13:16:13','2020-03-04 03:48:33',2019.44,13),(236,1,1.0,17,609,'2019-12-02 18:53:12','2020-03-04 01:42:43',2019.40,1),(237,1,0.5,18,611,'2019-12-02 18:54:06','2020-03-04 02:08:04',2019.42,13),(238,1,0.5,18,1,'2019-12-02 18:54:59','2020-03-04 02:07:52',2019.42,1),(239,1,1.0,33,631,'2019-12-06 16:34:03','2020-03-04 03:48:13',2019.46,13),(240,1,0.6,39,633,'2019-12-06 16:34:12','2020-03-04 03:50:19',2019.49,13),(241,1,0.5,32,634,'2019-12-06 16:34:56','2020-01-20 02:52:44',2020.03,7),(242,1,0.5,31,627,'2019-12-06 16:35:37','2020-03-04 03:39:54',2019.44,7),(243,1,0.5,31,634,'2019-12-06 16:36:54','2020-03-04 03:39:44',2019.44,7),(244,1,0.5,32,627,'2019-12-06 16:37:23','2020-01-20 02:52:44',2020.03,7),(245,1,0.3,19,612,'2019-12-06 17:54:30','2020-03-04 03:04:58',2019.43,13),(246,1,0.7,19,1,'2019-12-06 17:54:30','2020-03-04 03:05:08',2019.43,13),(247,1,1.0,20,608,'2019-12-06 17:54:30','2020-03-04 03:20:40',2019.41,2),(248,1,1.0,21,609,'2019-12-06 17:54:30','2020-03-04 03:26:57',2019.50,13),(249,1,1.0,22,612,'2019-12-06 17:54:30','2020-03-04 03:28:49',2019.42,12),(250,1,0.5,23,615,'2019-12-06 17:54:30','2020-03-04 03:12:17',2019.41,13),(251,1,0.5,23,632,'2019-12-06 17:54:30','2020-03-04 03:12:05',2019.50,13),(252,1,1.0,24,613,'2019-12-06 17:54:30','2020-03-04 03:30:43',2019.43,13),(253,1,1.0,25,632,'2019-12-06 17:54:30','2020-03-04 03:35:12',2019.46,13),(254,1,1.0,30,628,'2019-12-06 17:54:30','2020-03-04 02:11:00',2019.41,2),(255,1,1.0,40,1,'2019-12-06 17:54:30','2020-03-04 03:17:49',2019.42,13),(256,1,0.3,19,612,'2019-12-09 19:43:47','2020-03-04 03:05:22',2019.44,13),(257,1,0.7,19,1,'2019-12-09 19:43:47','2020-03-04 03:05:31',2019.44,13),(258,1,1.0,20,608,'2019-12-09 19:43:47','2020-03-04 03:22:09',2019.46,2),(259,1,1.0,21,609,'2019-12-09 19:43:47','2020-01-20 02:52:44',2020.04,13),(260,1,1.0,22,612,'2019-12-09 19:43:47','2020-03-04 03:28:36',2019.41,12),(263,1,1.0,24,613,'2019-12-09 19:43:47','2020-03-04 03:30:28',2019.41,13),(264,1,1.0,25,632,'2019-12-09 19:43:47','2020-03-04 03:34:55',2019.44,13),(265,1,1.0,30,613,'2019-12-09 19:43:47','2020-03-04 02:11:22',2019.43,13),(266,1,1.0,40,1,'2019-12-09 19:43:47','2020-03-04 03:17:26',2019.41,13),(267,1,0.4,25,632,'2019-12-09 19:52:39','2020-03-04 03:32:37',2019.39,13),(268,1,0.4,39,630,'2019-12-13 17:08:14','2020-03-04 03:50:27',2019.49,1),(269,1,1.0,31,627,'2019-12-13 17:08:40','2020-03-04 03:38:58',2019.42,7),(270,1,1.0,32,627,'2019-12-13 17:09:03','2020-01-20 02:52:45',2020.04,7),(271,1,1.0,33,631,'2019-12-13 17:09:22','2020-03-04 03:47:52',2019.50,7),(272,1,1.0,39,633,'2019-12-13 17:09:38','2020-03-04 03:49:53',2019.51,13),(273,1,1.0,17,609,'2019-12-13 19:21:55','2020-03-04 01:44:07',2019.43,1),(274,1,1.0,34,611,'2019-12-13 19:22:06','2019-12-13 19:22:06',2020.02,13),(275,1,1.0,36,611,'2019-12-13 19:22:10','2020-03-04 02:54:25',2019.39,13),(276,1,1.0,36,611,'2019-12-13 19:22:14','2020-03-04 02:54:48',2019.41,13),(277,1,1.0,34,611,'2019-12-13 19:22:17','2019-12-13 19:22:17',2020.03,13),(278,1,1.0,37,611,'2019-12-13 19:22:21','2019-12-13 19:22:21',2020.02,13),(279,1,1.0,37,611,'2019-12-13 19:22:23','2019-12-13 19:22:23',2020.03,13),(280,1,1.0,17,609,'2019-12-13 19:24:01','2020-03-04 01:45:16',2019.46,1),(281,1,1.0,34,611,'2019-12-13 19:24:01','2019-12-13 19:24:01',2020.04,13),(282,1,1.0,36,611,'2019-12-13 19:24:01','2020-03-04 02:55:10',2019.43,13),(283,1,1.0,37,611,'2019-12-13 19:24:01','2019-12-13 19:24:01',2020.04,13),(284,1,0.4,41,1,'2019-12-13 19:24:56','2020-03-04 02:56:57',2018.48,11),(285,1,1.0,29,617,'2019-12-13 19:25:08','2020-03-04 02:53:17',2019.43,11),(286,1,1.0,26,630,'2019-12-13 19:58:31','2020-03-04 02:14:57',2019.42,11),(287,1,1.0,26,630,'2019-12-13 19:59:03','2020-03-04 02:16:35',2019.44,11),(288,1,1.0,29,617,'2019-12-13 19:59:34','2020-03-04 02:53:27',2019.44,11),(289,1,1.0,41,1,'2019-12-13 20:17:00','2020-03-04 02:57:15',2019.50,11),(290,1,0.6,41,1,'2019-12-13 20:29:33','2020-03-04 02:58:18',2019.52,11),(292,1,0.4,41,635,'2019-12-13 20:35:34','2020-03-04 02:58:30',2019.52,11),(293,1,0.6,27,617,'2019-12-13 20:36:09','2020-03-04 02:38:23',2019.40,11),(294,1,0.6,27,617,'2019-12-13 20:36:20','2020-03-04 02:40:15',2019.42,11),(296,1,0.4,27,636,'2019-12-13 20:37:33','2020-03-04 02:42:11',2020.01,11),(297,1,0.4,27,617,'2019-12-13 20:37:52','2020-03-04 02:46:23',2019.41,11),(298,1,0.6,27,636,'2019-12-13 20:38:13','2019-12-13 20:38:20',2020.04,11),(299,1,1.0,28,1,'2019-12-13 20:39:30','2020-03-04 02:50:22',2019.43,11),(300,1,1.0,28,1,'2019-12-13 20:40:04','2020-03-04 02:49:51',2019.42,11),(301,1,0.3,19,612,'2019-12-16 19:42:42','2020-03-04 03:05:56',2019.45,13),(302,1,0.7,19,1,'2019-12-16 19:42:42','2020-03-04 03:05:44',2019.45,13),(303,1,1.0,20,608,'2019-12-16 19:42:43','2020-03-04 03:22:41',2019.50,2),(304,1,1.0,21,609,'2019-12-16 19:42:43','2020-03-04 03:26:30',2019.52,13),(305,1,1.0,22,612,'2019-12-16 19:42:43','2020-03-04 03:28:14',2019.39,12),(307,1,1.0,23,632,'2019-12-16 19:42:43','2020-03-04 03:08:14',2019.52,13),(308,1,1.0,24,613,'2019-12-16 19:42:43','2020-03-04 03:30:13',2019.39,13),(309,1,1.0,25,632,'2019-12-16 19:42:43','2020-03-04 03:34:47',2019.42,13),(310,1,1.0,30,608,'2019-12-16 19:42:43','2020-03-04 02:12:01',2019.49,2),(311,1,1.0,40,1,'2019-12-16 19:42:43','2020-03-04 03:17:09',2019.39,13),(312,0,1.0,23,608,'2019-12-20 17:35:05','2020-03-04 03:15:07',2020.01,2),(313,1,0.6,31,630,'2019-12-23 19:35:17','2020-03-04 03:38:25',2019.40,7),(314,1,0.4,31,627,'2019-12-23 19:35:37','2020-03-04 03:38:17',2019.40,7),(315,1,0.4,33,630,'2019-12-23 19:36:05','2020-03-04 03:47:39',2019.51,7),(316,1,0.6,33,631,'2019-12-23 19:36:15','2020-03-04 03:47:31',2019.51,7),(317,1,1.0,39,630,'2019-12-23 19:36:36','2020-03-04 03:49:37',2019.52,13),(318,1,0.4,31,630,'2019-12-30 17:00:55','2019-12-30 17:00:55',2017.48,7),(319,1,0.6,39,630,'2019-12-30 17:02:16','2019-12-30 17:02:16',2017.48,13),(320,1,0.4,33,630,'2019-12-30 17:02:35','2019-12-30 17:02:35',2017.48,13),(321,1,0.4,31,627,'2019-12-30 17:02:54','2019-12-30 17:02:54',2017.48,7),(322,1,0.2,31,634,'2019-12-30 17:03:07','2019-12-30 17:03:07',2017.48,7),(323,1,0.6,33,631,'2019-12-30 17:03:19','2019-12-30 17:03:19',2017.48,7),(324,1,0.4,39,633,'2019-12-30 17:03:32','2019-12-30 17:03:32',2017.48,13),(325,1,1.0,17,630,'2020-01-03 22:23:10','2020-03-04 01:45:33',2019.47,1),(326,1,1.0,17,609,'2020-01-03 22:24:19','2020-01-03 22:24:19',2017.48,1),(327,1,1.0,18,630,'2020-01-03 22:25:15','2020-03-04 02:07:29',2019.47,1),(328,1,0.5,18,611,'2020-01-03 22:26:41','2020-03-04 02:08:40',2019.43,1),(329,1,0.5,18,619,'2020-01-03 22:28:05','2020-01-03 22:28:05',2017.48,1),(332,1,1.0,34,611,'2020-01-03 22:30:54','2020-01-03 22:30:54',2020.05,13),(333,1,1.0,36,611,'2020-01-03 22:30:59','2020-03-04 02:55:37',2019.45,13),(334,1,1.0,37,611,'2020-01-03 22:31:07','2020-01-03 22:31:07',2020.05,13),(335,1,1.0,35,611,'2020-01-03 22:31:21','2020-01-03 22:31:21',2020.02,13),(336,1,1.0,17,609,'2020-01-20 18:58:15','2020-03-04 01:43:09',2019.41,6),(337,1,1.0,17,609,'2020-01-20 18:58:28','2020-03-04 01:44:26',2019.44,6),(338,1,1.0,17,609,'2020-01-20 18:58:33','2020-03-04 01:44:59',2019.45,6),(339,1,1.0,18,610,'2020-01-20 18:59:24','2020-03-04 02:09:00',2019.43,1),(340,1,1.0,18,610,'2020-01-20 18:59:37','2020-03-04 02:09:13',2019.44,1),(341,1,1.0,17,609,'2020-01-20 19:00:00','2020-03-04 01:46:32',2019.49,6),(342,1,1.0,18,610,'2020-01-20 19:00:04','2020-03-04 02:09:29',2019.45,1),(343,1,0.8,17,609,'2020-01-29 21:15:34','2020-01-29 21:15:34',2020.01,6),(344,1,0.2,17,643,'2020-01-29 21:20:01','2020-01-29 21:20:01',2020.01,1),(345,1,1.0,18,641,'2020-01-29 21:20:54','2020-03-04 01:52:03',2020.01,1),(346,1,1.0,19,643,'2020-01-31 22:03:26','2020-01-31 22:03:26',2020.01,13),(347,1,1.0,23,632,'2020-01-31 22:05:16','2020-03-04 03:14:56',2019.47,13),(348,1,1.0,30,642,'2020-01-31 22:06:09','2020-01-31 22:06:09',2020.01,13),(349,1,1.0,24,642,'2020-01-31 22:06:31','2020-01-31 22:06:31',2020.01,13),(350,1,1.0,40,632,'2020-01-31 22:07:03','2020-01-31 22:07:03',2020.01,13),(351,1,1.0,21,609,'2020-01-31 22:07:33','2020-01-31 22:07:33',2020.01,13),(352,1,1.0,20,608,'2020-01-31 22:08:16','2020-01-31 22:08:16',2020.01,2),(353,1,1.0,22,637,'2020-01-31 22:10:09','2020-01-31 22:11:22',2020.01,12),(354,1,0.5,25,608,'2020-01-31 22:10:38','2020-03-04 03:35:42',2020.01,2),(355,1,0.5,25,641,'2020-01-31 22:11:11','2020-01-31 22:11:35',2020.01,13),(356,1,0.6,27,636,'2020-02-01 00:54:09','2020-02-01 00:56:13',2020.01,11),(357,1,0.6,26,635,'2020-02-01 00:55:05','2020-02-08 00:15:15',2020.01,11),(358,1,0.4,27,630,'2020-02-01 00:56:52','2020-03-04 02:46:56',2020.04,13),(359,1,0.8,29,636,'2020-02-01 00:58:27','2020-02-01 00:58:27',2020.01,11),(360,1,0.2,29,608,'2020-02-01 00:58:54','2020-02-01 00:59:07',2020.01,2),(361,1,1.0,36,637,'2020-02-01 00:59:43','2020-02-01 00:59:43',2020.01,11),(362,1,1.0,41,635,'2020-02-01 01:00:21','2020-02-01 01:00:21',2020.01,11),(363,1,1.0,28,636,'2020-02-01 01:01:09','2020-02-01 01:01:09',2020.01,11),(364,1,1.0,46,644,'2020-02-01 01:02:00','2020-02-01 01:02:00',2020.01,11),(365,1,1.0,31,640,'2020-02-03 16:27:49','2020-02-03 16:27:49',2020.01,7),(366,1,1.0,33,630,'2020-02-03 16:28:02','2020-02-07 23:36:53',2020.01,7),(367,1,1.0,39,640,'2020-02-03 16:28:20','2020-02-03 16:28:20',2020.01,1),(368,1,0.8,17,609,'2020-02-07 02:19:03','2020-02-07 02:19:03',2020.02,6),(369,1,0.2,17,643,'2020-02-07 02:19:03','2020-02-07 02:19:03',2020.02,1),(370,1,1.0,18,641,'2020-02-07 02:19:11','2020-02-07 02:19:11',2020.02,1),(371,1,1.0,22,637,'2020-02-07 17:33:59','2020-02-07 17:45:34',2020.02,12),(372,1,1.0,30,608,'2020-02-07 17:40:01','2020-03-04 02:10:19',2019.39,2),(373,1,1.0,23,639,'2020-02-07 17:41:55','2020-02-07 17:41:55',2020.02,13),(374,1,0.5,40,639,'2020-02-07 17:42:18','2020-02-07 17:42:18',2020.02,13),(375,1,0.5,40,609,'2020-02-07 17:43:07','2020-02-07 17:43:23',2020.02,13),(376,1,1.0,20,638,'2020-02-07 17:44:04','2020-02-07 17:44:04',2020.02,13),(377,1,1.0,21,609,'2020-02-07 17:44:16','2020-02-07 17:44:16',2020.02,13),(378,1,1.0,19,643,'2020-02-07 17:45:45','2020-02-07 17:45:45',2020.02,13),(379,1,1.0,24,642,'2020-02-07 17:46:19','2020-02-07 17:46:19',2020.02,13),(380,1,1.0,25,641,'2020-02-07 17:53:13','2020-02-07 17:53:26',2020.02,13),(381,1,1.0,31,640,'2020-02-07 23:36:01','2020-02-07 23:36:01',2020.02,7),(382,1,1.0,39,640,'2020-02-07 23:36:07','2020-02-07 23:36:07',2020.02,1),(383,1,1.0,33,640,'2020-02-07 23:36:23','2020-02-07 23:37:02',2020.02,7),(384,1,0.8,26,635,'2020-02-08 00:13:56','2020-02-08 00:14:04',2020.02,11),(385,1,0.2,26,608,'2020-02-08 00:14:31','2020-02-08 00:14:31',2020.02,11),(386,1,0.4,26,630,'2020-02-08 00:15:29','2020-02-08 00:15:29',2020.01,11),(387,1,1.0,27,636,'2020-02-08 00:15:47','2020-02-08 00:15:53',2020.02,11),(388,1,1.0,28,636,'2020-02-08 00:16:02','2020-02-08 00:16:02',2020.02,11),(389,1,0.2,29,608,'2020-02-08 00:16:12','2020-02-08 00:16:12',2020.02,2),(390,1,0.8,29,636,'2020-02-08 00:16:20','2020-02-08 00:16:20',2020.02,11),(391,1,1.0,36,637,'2020-02-08 00:16:29','2020-02-08 00:16:29',2020.02,11),(392,1,1.0,41,635,'2020-02-08 00:16:35','2020-02-08 00:16:35',2020.02,11),(393,1,1.0,46,644,'2020-02-08 00:16:41','2020-02-08 00:16:41',2020.02,11),(394,1,0.8,17,609,'2020-02-14 17:00:57','2020-02-14 17:00:57',2020.03,6),(395,1,0.2,17,643,'2020-02-14 17:00:57','2020-02-14 17:00:57',2020.03,1),(396,1,1.0,18,641,'2020-02-14 17:01:04','2020-02-14 17:01:04',2020.03,1),(397,1,1.0,19,643,'2020-02-14 17:29:15','2020-02-14 17:29:15',2020.03,13),(398,1,1.0,20,638,'2020-02-14 18:36:27','2020-02-14 18:36:27',2020.03,13),(399,1,1.0,21,609,'2020-02-14 19:30:49','2020-02-14 19:30:49',2020.03,13),(400,1,0.5,22,637,'2020-02-14 19:31:08','2020-02-14 19:31:48',2020.03,12),(401,1,0.5,22,638,'2020-02-14 19:32:17','2020-02-14 19:32:17',2020.03,13),(402,1,1.0,24,642,'2020-02-14 19:32:29','2020-02-14 19:32:29',2020.03,13),(403,1,1.0,25,641,'2020-02-14 19:32:41','2020-02-14 19:32:41',2020.03,13),(404,1,1.0,31,640,'2020-02-14 22:51:19','2020-02-14 22:51:19',2020.03,7),(405,1,1.0,33,640,'2020-02-14 22:51:19','2020-02-14 22:51:19',2020.03,7),(406,1,1.0,39,640,'2020-02-14 22:51:19','2020-02-14 22:51:19',2020.03,1),(407,1,1.0,36,637,'2020-02-15 00:38:53','2020-02-15 00:38:53',2020.03,11),(408,1,1.0,46,644,'2020-02-15 00:39:07','2020-02-15 00:39:07',2020.03,11),(409,1,1.0,41,635,'2020-02-15 00:39:19','2020-02-15 00:39:19',2020.03,11),(410,1,0.8,26,635,'2020-02-15 00:39:45','2020-02-15 00:39:45',2020.03,11),(411,1,0.2,26,608,'2020-02-15 00:39:51','2020-02-15 00:39:51',2020.03,11),(412,1,1.0,29,641,'2020-02-15 00:40:47','2020-02-15 00:40:47',2020.03,11),(413,1,1.0,23,639,'2020-02-18 17:00:13','2020-02-18 17:00:13',2020.03,13),(414,1,0.5,40,639,'2020-02-18 17:00:24','2020-02-18 17:00:24',2020.03,13),(415,1,0.5,40,609,'2020-02-18 17:00:24','2020-02-18 17:00:24',2020.03,13),(416,1,1.0,20,638,'2020-02-18 18:09:23','2020-02-18 18:09:23',2020.04,13),(417,1,1.0,21,609,'2020-02-18 18:09:23','2020-03-04 03:26:45',2019.51,13),(418,1,0.5,22,637,'2020-02-18 18:09:23','2020-02-18 18:09:23',2020.04,12),(419,1,0.5,22,638,'2020-02-18 18:09:23','2020-02-18 18:09:23',2020.04,13),(420,1,1.0,24,642,'2020-02-18 18:09:23','2020-02-18 18:09:23',2020.04,13),(421,1,1.0,25,641,'2020-02-18 18:09:23','2020-02-18 18:09:23',2020.04,13),(422,1,0.6,30,642,'2020-02-21 17:22:27','2020-02-21 17:22:27',2020.03,6),(423,1,0.6,27,636,'2020-02-21 18:59:14','2020-02-21 18:59:33',2020.03,11),(424,1,0.4,27,637,'2020-02-21 19:00:30','2020-02-21 19:00:30',2020.03,11),(425,1,0.2,28,636,'2020-02-21 19:00:56','2020-02-21 19:00:56',2020.03,11),(426,1,0.8,28,642,'2020-02-21 19:01:35','2020-02-21 19:01:35',2020.03,11),(427,1,1.0,31,640,'2020-02-21 21:08:32','2020-02-21 21:08:32',2020.04,7),(428,1,1.0,33,640,'2020-02-21 21:08:32','2020-02-21 21:08:32',2020.04,7),(429,1,1.0,39,640,'2020-02-21 21:08:32','2020-02-21 21:08:32',2020.04,1),(430,1,1.0,36,637,'2020-02-21 23:48:07','2020-02-21 23:48:07',2020.04,11),(431,1,1.0,46,637,'2020-02-21 23:49:53','2020-02-21 23:50:03',2020.04,11),(432,1,1.0,41,635,'2020-02-21 23:50:23','2020-02-21 23:50:23',2020.04,11),(433,1,0.2,28,642,'2020-02-21 23:50:52','2020-02-21 23:51:10',2020.04,11),(434,1,0.8,28,637,'2020-02-21 23:53:43','2020-02-21 23:53:43',2020.04,11),(435,1,1.0,27,630,'2020-02-21 23:54:37','2020-03-04 02:39:07',2019.47,11),(436,1,0.8,26,635,'2020-02-21 23:54:51','2020-02-21 23:54:51',2020.04,11),(437,1,0.2,26,608,'2020-02-21 23:54:56','2020-02-21 23:54:56',2020.04,11),(438,1,1.0,29,641,'2020-02-21 23:55:09','2020-02-21 23:55:09',2020.04,11),(439,1,1.0,19,643,'2020-02-24 22:03:30','2020-02-24 22:03:30',2020.04,13),(440,1,1.0,47,644,'2020-02-25 19:33:50','2020-02-25 19:33:50',2020.04,13),(441,1,1.0,23,639,'2020-02-25 19:36:29','2020-02-25 19:36:29',2020.04,13),(442,1,0.6,30,642,'2020-02-25 22:08:28','2020-02-25 22:08:28',2020.04,6),(443,1,0.5,40,639,'2020-02-27 23:29:35','2020-02-27 23:29:35',2020.04,13),(444,1,0.5,40,609,'2020-02-27 23:29:35','2020-02-27 23:29:35',2020.04,13),(445,1,0.8,17,609,'2020-02-27 23:29:44','2020-02-27 23:29:44',2020.04,6),(446,1,0.2,17,643,'2020-02-27 23:29:44','2020-02-27 23:29:44',2020.04,1),(447,1,1.0,18,641,'2020-02-27 23:29:48','2020-02-27 23:29:48',2020.04,1),(448,1,1.0,20,638,'2020-02-28 17:54:31','2020-02-28 17:54:31',2020.05,13),(449,1,1.0,21,609,'2020-02-28 17:54:41','2020-02-28 17:54:41',2020.05,13),(450,1,1.0,24,642,'2020-02-28 17:54:53','2020-02-28 17:54:53',2020.05,13),(451,1,1.0,25,641,'2020-02-28 17:55:07','2020-02-28 17:55:07',2020.05,13),(452,1,0.2,22,637,'2020-02-28 17:55:24','2020-02-28 17:55:44',2020.05,12),(453,1,0.8,22,638,'2020-02-28 17:55:32','2020-02-28 17:55:56',2020.05,13),(454,1,0.4,31,641,'2020-02-28 23:02:52','2020-02-28 23:02:52',2020.05,7),(455,1,0.6,31,640,'2020-02-28 23:03:07','2020-02-28 23:03:07',2020.05,7),(456,1,1.0,33,640,'2020-02-28 23:03:13','2020-02-28 23:03:13',2020.05,7),(457,1,0.6,39,640,'2020-02-28 23:03:16','2020-02-28 23:04:13',2020.05,1),(458,1,0.4,39,630,'2020-02-28 23:04:33','2020-02-28 23:04:47',2020.05,13),(459,1,1.0,41,635,'2020-03-02 18:10:13','2020-03-02 18:10:13',2020.05,11),(460,1,1.0,46,637,'2020-03-02 18:10:19','2020-03-02 18:10:19',2020.05,11),(461,1,1.0,29,641,'2020-03-02 18:11:59','2020-03-02 18:11:59',2020.05,11),(462,1,1.0,19,643,'2020-03-02 19:45:56','2020-03-02 19:45:56',2020.05,13),(463,1,1.0,18,641,'2020-03-02 19:46:09','2020-03-02 19:46:09',2020.05,1),(464,1,0.8,17,609,'2020-03-02 19:46:12','2020-03-02 19:46:12',2020.05,6),(465,1,0.2,17,643,'2020-03-02 19:46:12','2020-03-02 19:46:12',2020.05,1),(466,1,1.0,27,637,'2020-03-02 19:55:37','2020-03-02 19:55:37',2020.05,11),(467,1,1.0,26,637,'2020-03-02 19:56:05','2020-03-02 19:56:05',2020.05,11),(468,1,1.0,28,637,'2020-03-02 19:56:23','2020-03-02 19:56:23',2020.05,11),(469,1,1.0,48,644,'2020-03-02 19:57:16','2020-03-02 19:57:16',2020.05,11),(470,1,0.6,30,642,'2020-03-03 16:26:41','2020-03-03 16:26:41',2020.05,6);
/*!40000 ALTER TABLE `assignments` ENABLE KEYS */;
UNLOCK TABLES;

--
-- Table structure for table `initiatives`
--

DROP TABLE IF EXISTS `initiatives`;
/*!40101 SET @saved_cs_client     = @@character_set_client */;
 SET character_set_client = utf8mb4 ;
CREATE TABLE `initiatives` (
  `id` int(11) NOT NULL AUTO_INCREMENT,
  `fiscal` int(11) DEFAULT NULL,
  `name` varchar(255) COLLATE utf8_unicode_ci DEFAULT NULL,
  `description` varchar(255) COLLATE utf8_unicode_ci DEFAULT NULL,
  `active` tinyint(1) DEFAULT '1',
  `created_at` datetime NOT NULL,
  `updated_at` datetime NOT NULL,
  `tag` varchar(255) COLLATE utf8_unicode_ci DEFAULT NULL,
  `subprilist` varchar(255) COLLATE utf8_unicode_ci DEFAULT NULL,
  PRIMARY KEY (`id`),
  KEY `index_initiatives_on_active` (`active`) USING BTREE
) ENGINE=InnoDB AUTO_INCREMENT=13 DEFAULT CHARSET=utf8 COLLATE=utf8_unicode_ci;
/*!40101 SET character_set_client = @saved_cs_client */;

--
-- Dumping data for table `initiatives`
--

LOCK TABLES `initiatives` WRITE;
/*!40000 ALTER TABLE `initiatives` DISABLE KEYS */;
INSERT INTO `initiatives` VALUES (1,NULL,'Default Basics Initiative','Foundational work like keep the lights on etc.',1,'2019-02-08 04:57:01','2019-02-08 04:57:01','BASICS','---\n- NA\n'),(2,2019,'Operator Experience','Effort to significantly improve our tooling, doc, and functionality to support system operators',1,'2019-10-18 19:42:12','2019-10-25 22:46:03','OPEX','---\n- ENT\n- DELIVER\n- GROW\n- CUST\n'),(3,2019,'R&D Process','Effort to design a deliberate and highly effective release process and tool chain',1,'2019-10-18 19:44:21','2019-10-25 22:46:21','RELENG','---\n- SCALE\n- GROW\n'),(4,2019,'Architecture Futures','Work to advance our architecture and move toward target architecture',1,'2019-10-18 21:09:44','2019-10-25 22:46:34','ARCH','---\n- ENT\n- AICORE\n- SREP\n- DELIVER\n- GROW\n- CUST\n'),(5,2019,'Operations Excellence','Work to mature our internal operating processes including engineering ops, customer ops, hiring and onboarding',1,'2019-10-18 21:11:49','2019-10-25 22:46:46','OPS','---\n- ENT\n- SCALE\n- DELIVER\n- GROW\n- CUST\n'),(6,2019,'Enterprise Ready','Product features to support the unique needs of our enterprise customers',1,'2019-10-18 23:21:20','2019-10-25 22:46:59','EREADY','---\n- ENT\n- AICORE\n- SREP\n- DELIVER\n- GROW\n- CUST\n'),(7,2020,'Platform Foundations','Group of Projects designed to build or enhance core architecture and foundational services in our platform.',1,'2020-01-23 02:36:28','2020-01-23 02:52:13','BEDROCK','---\n- MATURE\n- DEPLOY\n- NOKR\n'),(8,2020,'\'Manage\' Differentiation','Set of projects to establish best in class \'Manage\' features',1,'2020-01-23 02:40:45','2020-01-23 02:52:41','MANAGE','---\n- MATURE\n- ADOPT\n- DEPLOY\n- NOKR\n'),(9,2020,'Advanced Environment Support','Projects to improve quality, viability, and support for a wide range of customer environments effectively.',1,'2020-01-23 02:42:17','2020-01-23 02:53:06','AES','---\n- MATURE\n- ADOPT\n- DEPLOY\n- NOKR\n'),(10,2020,'\'Scale\' Differentiation','Projects to drive the features of our products in the strategic area of \'Scale\'',1,'2020-01-27 20:54:20','2020-01-27 20:54:20','SCALE',NULL),(11,20200,'\'Deploy\' Differentiation','Projects to drive the features of our products in the strategic area of \'Deploy\'',1,'2020-01-27 20:55:49','2020-01-27 20:55:49','DEPLOYD',NULL),(12,2020,'\'Connect\' Differentiation ','Projects to drive the features of our products in the strategic area of \'Connect\'',1,'2020-01-27 20:57:57','2020-01-27 20:57:57','CONNECT',NULL);
/*!40000 ALTER TABLE `initiatives` ENABLE KEYS */;
UNLOCK TABLES;

--
-- Table structure for table `projects`
--

DROP TABLE IF EXISTS `projects`;
/*!40101 SET @saved_cs_client     = @@character_set_client */;
 SET character_set_client = utf8mb4 ;
CREATE TABLE `projects` (
  `id` int(11) NOT NULL AUTO_INCREMENT,
  `name` varchar(255) COLLATE utf8_unicode_ci DEFAULT NULL,
  `active` tinyint(1) DEFAULT NULL,
  `owner_id` int(11) DEFAULT NULL,
  `description` varchar(255) COLLATE utf8_unicode_ci DEFAULT NULL,
  `created_at` datetime DEFAULT NULL,
  `updated_at` datetime DEFAULT NULL,
  `fixed_resource_budget` int(11) DEFAULT NULL,
  `category` varchar(255) COLLATE utf8_unicode_ci DEFAULT 'Unassigned',
  `upl_number` int(11) DEFAULT '0',
  `tribe` varchar(255) COLLATE utf8_unicode_ci DEFAULT 'NA',
  `initiative_id` int(11) DEFAULT NULL,
  `keyproj` tinyint(1) DEFAULT NULL,
  `rtm` varchar(255) COLLATE utf8_unicode_ci DEFAULT 'NA',
  `psh` varchar(255) COLLATE utf8_unicode_ci DEFAULT 'NA',
  `ctpriority` varchar(255) COLLATE utf8_unicode_ci DEFAULT 'NA',
  PRIMARY KEY (`id`),
  UNIQUE KEY `index_projects_on_upl_number` (`upl_number`) USING BTREE,
  KEY `index_projects_on_active` (`active`) USING BTREE,
  KEY `index_projects_on_category` (`category`) USING BTREE,
  KEY `index_projects_on_initiative_id` (`initiative_id`) USING BTREE,
  KEY `index_projects_on_name` (`name`) USING BTREE,
  KEY `index_projects_on_owner_id` (`owner_id`) USING BTREE,
  CONSTRAINT `fk_rails_f78e8f0103` FOREIGN KEY (`initiative_id`) REFERENCES `initiatives` (`id`)
) ENGINE=InnoDB AUTO_INCREMENT=646 DEFAULT CHARSET=utf8 COLLATE=utf8_unicode_ci;
/*!40101 SET character_set_client = @saved_cs_client */;

--
-- Dumping data for table `projects`
--

LOCK TABLES `projects` WRITE;
/*!40000 ALTER TABLE `projects` DISABLE KEYS */;
INSERT INTO `projects` VALUES (1,'Maintenance/Tech Debt',1,1,'Bug fix, Tech Debt, Ops Improvements','2019-02-08 04:57:01','2020-01-23 02:31:58',0,'RTB',-1,'All',3,0,'Managed Hosting','R&D','SCALE'),(2,'Security-Compliance Maintenance',1,1,'Bug fixes and small sec/comp work items','2019-02-08 04:57:01','2020-01-23 02:32:10',0,'RTB',-2,'All',5,0,'Managed Hosting','Core Product','MATURE'),(3,'Run the Business',1,1,'Operations and minor enhancements','2019-02-08 04:57:01','2020-01-29 21:16:40',0,'RTB',-3,'All',1,NULL,'NA','NA','NA'),(608,'Customer On-Call',1,14,'Work we do to react to on call incidents, conduct root cause analysis and mitigation work while serving on-call.','2019-10-18 21:13:45','2020-02-05 23:01:01',2,'RTB',11,'NA',NULL,0,'All','Core Product','MATURE'),(609,'Processing API Requests via RabbitMQ',1,14,'Tasks so that an algorithm API request will flow from API server to Worker via RabbitMQ instead of redis slot selection','2019-10-18 21:18:18','2020-02-05 22:46:44',5,'A&I.exclude',1003,'NA',7,0,'All','Core Product','MATURE'),(610,'Operational Excellence',1,14,'Improve operational excellence best practices: on-call support, production operations, runbooks, etc','2019-10-18 21:22:36','2020-01-23 02:31:19',0,'NPV',3158,'NA',2,0,'All','R&D','ENT'),(611,'On-Premise support through VMs',1,14,'','2019-10-18 21:27:49','2020-01-23 02:28:14',0,'NPV',53,'NA',6,1,'Self-Hosted All','R&D','ENT'),(612,'Release Process Revamp',1,14,'','2019-10-18 23:16:26','2020-01-23 02:48:07',0,'EHealth.exclude',15,'NA',5,0,'All','R&D','SCALE'),(613,'GHE: SCM API',1,15,'This epic captures the work to implement the SCM API, which will be used to store information about providers which can be used to house an algorithm\'s source code. The OpenAPI spec changes for this feature can be viewed here.\r\n\r\n','2019-10-18 23:19:54','2020-01-23 02:15:50',0,'NPV',31,'NA',6,0,'Self-Hosted All','R&D','ENT'),(614,'Private Pass-Through Docker Registry',1,14,'Support exclusive use of private docker registry for all image operations in enterprise clusters.','2019-10-18 23:24:48','2020-01-23 02:13:59',0,'RTB',3715,'NA',6,0,'Self-Hosted All','R&D','ENT'),(615,'Show Chargebacks',1,14,'','2019-10-18 23:27:37','2020-01-23 02:14:29',0,'NPV',3010,'NA',6,0,'Self-Hosted All','R&D','ENT'),(616,'Azure Parity',1,16,'This is an epic for improving Azure deployments before our second Azure customer (or before deploying EY into production)','2019-10-18 23:32:13','2020-01-23 02:30:30',0,'NPV',46,'NA',5,0,'Self-Hosted All','Tech Ops','ENT'),(617,'19.10 Upgrade',1,16,'','2019-10-18 23:33:30','2020-01-23 02:28:01',0,'RTB',482,'NA',5,1,'Self-Hosted All','Tech Ops','DELIVER'),(618,'Fidelity Reengagement Engineering Work',1,16,'This Epic is to collect the work needed to successfully reengage with Fidelity in early Novemeber (~ Nov 6, I believe).','2019-10-18 23:34:50','2020-01-23 02:27:47',0,'RTB',490,'NA',5,0,'Self-Hosted All','R&D','ENT'),(619,'On-Prem Deployment Handoff Training',1,16,'The recommended sample deployment milestones are (sub-items are checklists for deeming a milestone to have succeeded, cumulative with previous milestone checklists):','2019-10-18 23:36:00','2020-01-23 02:31:36',0,'RTB',523,'NA',5,0,'Self-Hosted All','R&D','DELIVER'),(620,'SEO Reform',1,15,'This epic captures all work that resulted from 97Floors (our SEO consultancy) auditing our site.','2019-10-22 16:16:36','2020-01-23 02:22:14',0,'BIZ',1738,'NA',5,0,'All','R&D','SCALE'),(621,'Docs App',1,15,'This epic captures the work to break-out the devcenter from the web client, and make it its own independent deployment within a cluster.\r\n\r\n','2019-10-22 17:29:37','2020-01-23 02:29:20',0,'EHealth.exclude',1655,'NA',3,0,'Marketplace','R&D','SCALE'),(622,'Reusable E2E Tests',1,15,'This epic captures the work to ensure our end-to-end Webdriver tests can be used on a fresh Algorithmia cluster.','2019-10-22 17:30:47','2020-01-27 20:58:22',0,'EHealth.exclude',1698,'NA',5,0,'Marketplace','R&D','SCALE'),(623,'Synaptic Docs',1,15,'This epic captures overhauling our existing docs with our Synapse UX toolkit, and generally melding our developer and API documentation.','2019-10-22 17:32:13','2020-02-05 22:49:56',3,'EHealth.exclude',1813,'NA',NULL,0,'Marketplace','Core Product','NOKR'),(624,'Enterprise Homepage',1,15,'This epic captures the work to implement a new homepage for our enterprise deployment, versus just the /algorithms page.','2019-10-22 17:33:34','2020-01-23 02:28:54',0,'NPV',1852,'NA',2,0,'Self-Hosted All','R&D','ENT'),(625,'Synaptic Blog',1,15,'This epic captures the work to create a custom Wordpress theme, leveraging Synapse, for our blog.\r\n\r\nTo learn more about creating a Wordpress theme, start here.\r\n\r\n','2019-10-22 17:34:51','2020-02-05 22:49:42',4,'RTB',1785,'NA',NULL,0,'All','Core Product','NOKR'),(626,'Synaptic HubSpot Email Template',1,15,'Captures work to create a HubSpot email template that consistent with Synapse’s styles. See the planning doc here for more information.','2019-10-22 17:36:07','2020-01-23 02:47:53',0,'BIZ',1723,'NA',5,0,'All','R&D','SCALE'),(627,'SCM UI',1,15,'This epic captures the work to implement UI to support our configurable SCM feature, specifically GitHub SCM.','2019-10-22 17:41:17','2020-01-23 02:16:15',0,'NPV',1908,'NA',6,0,'Self-Hosted All','R&D','ENT'),(628,'GHE: GitHub SCM',1,15,'This epic captures the work to implement a new SCM provider within our SCM API: github.\r\n\r\nThis will involve augmenting the work we did in  to support SCMs involving external permissions, as well as bespoke code for interacting with GitHub’s API.','2019-10-22 17:43:16','2020-01-23 02:15:12',0,'NPV',32,'NA',6,0,'Self-Hosted All','R&D','ENT'),(629,'GHE:  SCM Customization',1,15,'This epic captures the work to allow Algorithmia users and organizations to tailor an SCM to their specific needs. At the moment, there is only one piece of configuration requested: the ability to enforce the owner for a specific repository.','2019-10-22 17:44:15','2020-01-23 02:14:47',0,'NPV',13,'NA',6,0,'Self-Hosted All','R&D','ENT'),(630,'Time-Off/LOA',1,3,'Project to assign people when they are off work for some reason.','2019-10-22 17:54:46','2020-02-05 23:00:24',10,'RTB',-5,'NA',NULL,0,'All','Core Product','NOKR'),(631,'UX Improvements',1,15,'Catch all for minor UX/UI fixes and improvements not tied to another epic','2019-10-22 17:59:43','2020-01-23 02:32:27',0,'RTB',-10,'NA',5,0,'All','R&D','SCALE'),(632,'Algo Import/Export',1,14,'Provide the ability to import / export algorithms across different installations','2019-11-05 22:24:11','2020-02-05 22:47:50',3,'NPV',1017,'NA',8,0,'All','Core Product','MATURE'),(633,'Tools Improvement',1,16,'Work to enhance our deployment or internal SRE/Management tools','2019-11-12 18:58:13','2020-01-23 02:29:58',0,'EHealth.exclude',-15,'NA',5,0,'All','Tech Ops','DELIVER'),(634,'2020 State of ML Survey Page',1,15,'Captures the work to create an overview page for the results of our State of ML survey','2019-11-26 19:43:24','2020-01-23 02:21:59',0,'BIZ',2012,'NA',5,0,'All','R&D','DELIVER'),(635,'C2S Hit List Q120',1,16,'This epic focuses on issues that have come up in NGA and NRO conversations. These are all derived from specific pain points encountered in those conversations/deploys or known technical debt that makes the airgapped install particularly painful.','2019-12-13 20:31:14','2020-02-08 23:46:29',4,'NPV',1016,'NA',9,0,'Self-Host','Core Product','MATURE'),(636,'Environment Verification Tool',1,16,'tool for customers to use to assess the readiness of their environment for an Algorithmia deployment.','2019-12-13 20:32:40','2020-02-08 23:46:48',4,'RTB',1024,'NA',9,0,'Self-Host','Core Product','DEPLOY'),(637,'I&O Stewardship',1,16,'On-going project to assign effort to the Infrastructure and Operations team stewardship backlog.','2020-01-23 02:50:56','2020-02-25 17:33:28',6,'EHealth.exclude',5001,'NA',NULL,0,'MHOST','Core Product','NOKR'),(638,'Core Svcs Stewardship',1,14,'On-going work to track effort assigned to the Core Services Stewardship backlog.','2020-01-23 02:54:45','2020-01-23 02:54:45',5,'STEW.allocate',5002,'NA',NULL,0,'All','Core Product','NOKR'),(639,'Product Svcs Stewardship',1,3,'On-going work to track effort assigned to the Product Services Stewardship backlog.','2020-01-23 02:55:47','2020-01-23 02:55:47',5,'STEW.allocate',5003,'NA',NULL,0,'All','Core Product','NOKR'),(640,'UX Stewardship',1,15,'On-going work to track effort assigned to the UX Stewardship backlog.','2020-01-23 02:56:36','2020-01-23 02:56:36',5,'STEW.allocate',5004,'NA',NULL,0,'All','Core Product','NOKR'),(641,'Unified Logging System',1,3,'The ability for the platform to aggregate all logs in a central locationThe long term goal is to provide the ability for both our internal teams and customers to have the ability to have a central location for cluster logging.','2020-01-28 22:31:31','2020-02-05 22:47:00',5,'A&I.exclude',1020,'NA',7,0,'All','Core Product','MATURE'),(642,'Advanced Environments Support',1,14,'Features required to support high priority customizations required by our largest and most complex customers.','2020-01-28 22:36:14','2020-02-08 23:46:09',4,'NPV',1018,'NA',9,0,'Self-Host','Core Product','MATURE'),(643,'IPA Everywhere',1,3,'Purpose:1. Enable the use \'by default\' of IPA build/package approach a) in all supported AE environments and b) for all languages.2. Enable streamlined delivery of updates and additional language packs for IPA without need for cluster upgrade.\r\n\r\n','2020-01-29 21:19:21','2020-02-25 17:34:24',4,'NPV',-1048,'NA',7,0,'MHOST','Core Product','MATURE'),(644,'Training/On-Boarding ',1,3,'Project used to assign people when they are doing training courses, conferences, or are on-boarding an not yet applying effort to any other projects.','2020-01-31 17:23:44','2020-02-08 23:40:58',50,'OH.exclude',-11,'NA',NULL,0,'MHOST','Core Product','PEOPLE'),(645,'QA Tools Development',1,15,'Work to enhance to automation frameworks, tooling, measurement and test coverage of existing product.','2020-02-08 23:55:02','2020-02-08 23:55:02',2,'EHealth.exclude',-1400,'NA',NULL,0,'All.allocate','Core Product','MATURE');
/*!40000 ALTER TABLE `projects` ENABLE KEYS */;
UNLOCK TABLES;

--
-- Table structure for table `schema_migrations`
--

DROP TABLE IF EXISTS `schema_migrations`;
/*!40101 SET @saved_cs_client     = @@character_set_client */;
 SET character_set_client = utf8mb4 ;
CREATE TABLE `schema_migrations` (
  `version` varchar(255) COLLATE utf8_unicode_ci NOT NULL,
  UNIQUE KEY `unique_schema_migrations` (`version`)
) ENGINE=InnoDB DEFAULT CHARSET=utf8 COLLATE=utf8_unicode_ci;
/*!40101 SET character_set_client = @saved_cs_client */;

--
-- Dumping data for table `schema_migrations`
--

LOCK TABLES `schema_migrations` WRITE;
/*!40000 ALTER TABLE `schema_migrations` DISABLE KEYS */;
INSERT INTO `schema_migrations` VALUES ('20121112061120'),('20121112061915'),('20121112064528'),('20121114032435'),('20121114035740'),('20121114040736'),('20121114054332'),('20121118203943'),('20121125043702'),('20121126202651'),('20121217154704'),('20130114042941'),('20130411170158'),('20130603114941'),('20130604073208'),('20130920194046'),('20141204190956'),('20161212044734'),('20161213093542'),('20161213135748'),('20161213150636'),('20161214162826'),('20161215030323'),('20161215033207'),('20171008185941'),('20171008195152'),('20171008201642'),('20171012012942'),('20171012013043'),('20171017021722'),('20171017150342'),('20171018180830'),('20171026193245'),('20171111164442'),('20180221000529'),('20180318012724'),('20180418223535'),('20180418224002'),('20180522180612'),('20180522180643'),('20180827190452'),('20180909003511'),('20180911200021'),('20180911200056'),('20180912212034'),('20180912212116'),('20180912212317'),('20180921184559'),('20180921184856'),('20180921185020'),('20180921185123'),('20190201043210');
/*!40000 ALTER TABLE `schema_migrations` ENABLE KEYS */;
UNLOCK TABLES;

--
-- Table structure for table `set_periods`
--

DROP TABLE IF EXISTS `set_periods`;
/*!40101 SET @saved_cs_client     = @@character_set_client */;
 SET character_set_client = utf8mb4 ;
CREATE TABLE `set_periods` (
  `id` int(11) NOT NULL AUTO_INCREMENT,
  `fiscal_year` int(11) DEFAULT NULL,
  `week_number` int(11) DEFAULT NULL,
  `cweek_offset` int(11) DEFAULT NULL,
  `created_at` datetime DEFAULT NULL,
  `updated_at` datetime DEFAULT NULL,
  PRIMARY KEY (`id`)
) ENGINE=InnoDB DEFAULT CHARSET=utf8 COLLATE=utf8_unicode_ci;
/*!40101 SET character_set_client = @saved_cs_client */;

--
-- Dumping data for table `set_periods`
--

LOCK TABLES `set_periods` WRITE;
/*!40000 ALTER TABLE `set_periods` DISABLE KEYS */;
/*!40000 ALTER TABLE `set_periods` ENABLE KEYS */;
UNLOCK TABLES;

--
-- Table structure for table `settings`
--

DROP TABLE IF EXISTS `settings`;
/*!40101 SET @saved_cs_client     = @@character_set_client */;
 SET character_set_client = utf8mb4 ;
CREATE TABLE `settings` (
  `id` int(11) NOT NULL AUTO_INCREMENT,
  `key` varchar(255) COLLATE utf8_unicode_ci DEFAULT NULL,
  `ordinal` int(11) DEFAULT NULL,
  `value` varchar(255) COLLATE utf8_unicode_ci DEFAULT NULL,
  `created_at` datetime NOT NULL,
  `updated_at` datetime NOT NULL,
  `displayname` varchar(255) COLLATE utf8_unicode_ci DEFAULT NULL,
  `description` varchar(255) COLLATE utf8_unicode_ci DEFAULT NULL,
  `stype` int(11) DEFAULT NULL,
  PRIMARY KEY (`id`)
) ENGINE=InnoDB AUTO_INCREMENT=48 DEFAULT CHARSET=utf8 COLLATE=utf8_unicode_ci;
/*!40101 SET character_set_client = @saved_cs_client */;

--
-- Dumping data for table `settings`
--

LOCK TABLES `settings` WRITE;
/*!40000 ALTER TABLE `settings` DISABLE KEYS */;
INSERT INTO `settings` VALUES (1,'sys_names',NULL,'project','2019-02-08 04:57:00','2019-10-17 20:24:07','Project','Custom field for menu name of the Project element in the system.  Admin can modify the display name but not delete this setting or add additional instances',1),(2,'sys_names',NULL,'initiative','2019-02-08 04:57:00','2019-10-17 20:24:43','Initiative','Custom field for menu name of the Initiative element in the system.  Admin can modify the display name but not delete this setting or add additional instances',1),(3,'sys_names',NULL,'service','2019-02-08 04:57:00','2019-10-17 20:24:26','Component','Custom field for menu name of the System element in the system.  Admin can modify the display name but not delete this setting or add additional instances',1),(4,'sys_names',NULL,'fy offset','2019-02-08 04:57:00','2020-03-04 01:34:40','5','Defines the number of weeks difference between week 1 of the calendar year and week 1 of the fiscal year',1),(5,'p_cust_1',NULL,'category','2019-02-08 04:57:00','2019-02-11 04:56:44','Investment Category','Custom field for projects.  Admin can define visible name by setting displayname on this setting.  		picklist values can be added to settings with p_cust_1 as the key for those settings.',0),(6,'p_cust_2',NULL,'rtm','2019-02-08 04:57:00','2019-02-11 04:57:15','Deploy Option','Custom field for projects.  Admin can define visible name by setting displayname on this setting.  		picklist values can be added to settings with p_cust_12 as the key for those settings.',0),(7,'p_cust_3',NULL,'division','2019-02-08 04:57:00','2019-02-11 04:57:44','Division','Custom field for projects.  Admin can define visible name by setting displayname on this setting.  		picklist values can be added to settings with p_cust_3 as the key for those settings.',0),(8,'p_cust_4',NULL,'priority','2019-02-08 04:57:00','2019-02-08 04:57:00','OKR','Custom field for priority.  Admin can define visible name by setting displayname on this setting.  \n		picklist values can be added to settings with p_cust_3 as the key for those settings.',0),(9,'ctp',NULL,'theme','2019-02-08 04:57:00','2019-02-08 04:57:00','theme','Custom field for projects.  Admin can define visible name by setting displayname on this setting.  \n		picklist values can be added to settings with cust_4 as the key for those settings.',0),(10,'ts_cust_1',NULL,'','2019-02-08 04:57:01','2019-02-08 04:57:01',NULL,'Custom field for tech systems.  Admin can define visible name by setting displayname on this setting.  \n		picklist values can be added to settings with ts_cust_1 as the key for those settings.',0),(11,'ts_cust_2',NULL,'','2019-02-08 04:57:01','2019-02-08 04:57:01',NULL,'Custom field for tech systems.  Admin can define visible name by setting displayname on this setting.  \n		picklist values can be added to settings with ts_cust_1 as the key for those settings.',0),(12,'u_cust_1',NULL,'etype','2019-02-08 04:57:01','2019-02-08 04:57:01','Employee Type','Custom field for users.  Admin can define visible name by setting displayname on this setting.  \n		picklist values can be added to settings with ts_cust_1 as the key for those settings.',0),(13,'u_cust_2',NULL,'ecat','2019-02-08 04:57:01','2019-02-08 04:57:01','Employee Category','Custom field for users.  Admin can define visible name by setting displayname on this setting.  picklist values can be added to settings with ts_cust_1 as the key for those settings.',0),(14,'category',1,'RTB','2019-02-11 04:59:47','2020-02-08 23:41:41','RTB','Run the Business:  On-going maintenance, reacting to customer needs, required upgrades, support escalations, and fixing customer impacting defects in the existing product.',1),(15,'category',2,'NPV','2019-02-11 05:00:34','2020-02-08 23:43:10','NP Value','New Product Value:  Work to deliver features and functionality on the product strategy roadmap.  Show up as direct value add for users.  Near-term ROI focus',1),(16,'category',3,'EHealth.exclude','2019-02-11 05:01:41','2020-02-25 17:35:14','Eng. Ops','Effort to build and maintain effective teams, tools and processes inside the engineering org. To support effective delivery operations. Includes recruiting and training effort.',1),(18,'category',5,'A&I.exclude','2019-02-11 05:05:01','2020-02-08 23:57:00','Arch/Inno','Architecture & Innovation:  Work to improve scalability, performance, reliability, and extensibility of our platform.  Usually not directly visible to users.  Long-term ROI focus',1),(19,'division',1,'CProd','2019-02-11 05:05:48','2020-01-23 00:53:42','Core Product','Algorithmia product delivery teams concerned with building and shipping the product.',1),(20,'division',2,'SGA','2019-02-11 05:06:07','2020-01-23 00:55:39','Corporate Functions','The field, marketing, IT, and Operations teams at Algorithmia.',1),(21,'etype',1,'FTE','2019-02-11 05:06:33','2019-10-17 20:14:13','FTE','',1),(23,'etype',3,'Temp','2019-02-11 05:07:12','2020-03-04 01:37:40','Temp','',1),(24,'priority',1,'MATURE','2019-02-11 05:08:13','2020-01-23 01:00:09','Maturity','Deliver an increasingly mature product to all customer segments',1),(25,'priority',2,'ADOPT','2019-02-11 05:09:00','2020-01-23 01:01:28','Purposeful Adoption','Speed of deployment  and streamlined user experience',1),(26,'priority',3,'PEOPLE','2019-02-11 05:09:36','2020-01-23 01:02:49','Right Team Right People','We will continuously rightsize our people and skill sets within the optimal organizational design',1),(31,'rtm',2,'MHOST','2019-02-11 05:11:52','2020-02-08 23:45:05','Mng Hosting','Managed Hosting:  Single-Tenant Algorithmia Hosted',1),(32,'rtm',3,'MKT','2019-02-11 05:12:04','2019-10-17 20:23:06','Marketplace','Community Public Cloud offering',1),(33,'rtm',4,'All.allocate','2019-02-11 05:12:22','2019-02-11 05:12:22','All','',1),(34,'rtm',5,'Self-Host','2019-02-11 05:12:50','2020-02-08 23:48:52','Self-Host','AWS or Azure in the customer\'s account and VPC',1),(35,'sys_names',NULL,'system','2019-05-23 03:41:53','2019-10-17 20:27:51','Component','custom name for the \'system\' element in team view',1),(40,'division',3,'CS','2020-01-23 00:56:19','2020-01-23 00:56:19','Customer Success','Customer Success org and teams inside Algorithmia',1),(41,'etype',4,'INTERN','2020-01-23 00:56:57','2020-01-23 00:56:57','Intern','College intern employees',1),(42,'priority',4,'DEPLOY','2020-01-23 01:07:47','2020-01-23 01:07:47','Deployment Technology','Deliver clear, reliable, cross-platform installation and upgrade tools and procedures',1),(43,'category',6,'STEW.allocate','2020-01-23 02:47:17','2020-01-23 02:47:17','Stewardship','Category for stewardship agile work.  Will be allocated to core investment categories at reporting time.',1),(44,'priority',5,'NOKR','2020-01-23 02:51:39','2020-01-23 02:51:39','Non-OKR','Used for projects not related to one of the top level company OKRs',1),(45,'category',7,'OH.exclude','2020-01-31 17:25:00','2020-02-08 23:40:21','Overhead','Training, PTO, On-Boarding, Etc.',1),(46,'ecat',1,'R&D','2020-03-03 17:57:08','2020-03-03 17:57:08','R&D','',1),(47,'ecat',2,'OPS','2020-03-03 17:58:23','2020-03-03 17:59:07','OPS','Operations personnel such as SRE, Sys Admin etc.',1);
/*!40000 ALTER TABLE `settings` ENABLE KEYS */;
UNLOCK TABLES;

--
-- Table structure for table `tech_systems`
--

DROP TABLE IF EXISTS `tech_systems`;
/*!40101 SET @saved_cs_client     = @@character_set_client */;
 SET character_set_client = utf8mb4 ;
CREATE TABLE `tech_systems` (
  `id` int(11) NOT NULL AUTO_INCREMENT,
  `name` varchar(255) COLLATE utf8_unicode_ci DEFAULT NULL,
  `description` varchar(255) COLLATE utf8_unicode_ci DEFAULT NULL,
  `qos_group` varchar(255) COLLATE utf8_unicode_ci DEFAULT NULL,
  `owner_id` int(11) DEFAULT NULL,
  `created_at` datetime NOT NULL,
  `updated_at` datetime NOT NULL,
  PRIMARY KEY (`id`),
  KEY `index_tech_systems_on_owner_id` (`owner_id`) USING BTREE,
  KEY `index_tech_systems_on_qos_group` (`qos_group`) USING BTREE
) ENGINE=InnoDB AUTO_INCREMENT=14 DEFAULT CHARSET=utf8 COLLATE=utf8_unicode_ci;
/*!40101 SET character_set_client = @saved_cs_client */;

--
-- Dumping data for table `tech_systems`
--

LOCK TABLES `tech_systems` WRITE;
/*!40000 ALTER TABLE `tech_systems` DISABLE KEYS */;
INSERT INTO `tech_systems` VALUES (1,'Tech Planning','Used for assignmet of Tech Planning members','Platform',1,'2019-02-08 04:57:01','2019-10-18 23:44:16'),(2,'Customer Ops','Used for assignmet of ops team members','Deployment',1,'2019-02-08 04:57:01','2019-10-18 23:44:03'),(3,'Management Overhead','System for Managers of multiple service teams','Overhead',1,'2019-02-08 04:57:01','2019-10-18 18:21:12'),(6,'API Server','','Platform',14,'2019-10-18 23:40:13','2019-10-18 23:40:13'),(7,'Web Server','','Platform',15,'2019-10-18 23:40:35','2019-10-18 23:40:35'),(8,'LangServer','','Platform',14,'2019-10-18 23:41:07','2019-10-18 23:41:07'),(9,'Legit','','Platform',14,'2019-10-18 23:41:26','2019-10-18 23:41:26'),(10,'Event Listener','','Platform',14,'2019-10-18 23:41:49','2019-10-18 23:41:49'),(11,'Stage Tools','','Deployment',16,'2019-10-18 23:42:42','2019-10-18 23:42:42'),(12,'Dev Tools','','Engineering Ops',14,'2019-10-18 23:43:12','2019-10-18 23:43:12'),(13,'General','Catch all for work that doesn\'t fit an existing component.','Platform',14,'2019-10-21 20:47:49','2019-10-21 20:47:49');
/*!40000 ALTER TABLE `tech_systems` ENABLE KEYS */;
UNLOCK TABLES;

--
-- Table structure for table `users`
--

DROP TABLE IF EXISTS `users`;
/*!40101 SET @saved_cs_client     = @@character_set_client */;
 SET character_set_client = utf8mb4 ;
CREATE TABLE `users` (
  `id` int(11) NOT NULL AUTO_INCREMENT,
  `email` varchar(255) COLLATE utf8_unicode_ci NOT NULL DEFAULT '',
  `encrypted_password` varchar(255) COLLATE utf8_unicode_ci NOT NULL DEFAULT '',
  `reset_password_token` varchar(255) COLLATE utf8_unicode_ci DEFAULT NULL,
  `reset_password_sent_at` datetime DEFAULT NULL,
  `remember_created_at` datetime DEFAULT NULL,
  `sign_in_count` int(11) DEFAULT '0',
  `current_sign_in_at` datetime DEFAULT NULL,
  `last_sign_in_at` datetime DEFAULT NULL,
  `current_sign_in_ip` varchar(255) COLLATE utf8_unicode_ci DEFAULT NULL,
  `last_sign_in_ip` varchar(255) COLLATE utf8_unicode_ci DEFAULT NULL,
  `created_at` datetime DEFAULT NULL,
  `updated_at` datetime DEFAULT NULL,
  `name` varchar(255) COLLATE utf8_unicode_ci DEFAULT NULL,
  `admin` tinyint(1) DEFAULT NULL,
  `ismanager` tinyint(1) DEFAULT '0',
  `manager_id` int(11) DEFAULT NULL,
  `verified` tinyint(1) DEFAULT '0',
  `isstatususer` tinyint(1) DEFAULT '0',
  `impersonate_manager` int(11) DEFAULT '0',
  `default_system_id` int(11) DEFAULT NULL,
  `is_contractor` tinyint(1) DEFAULT NULL,
  `org` varchar(255) COLLATE utf8_unicode_ci DEFAULT NULL,
  `orgowner` tinyint(1) DEFAULT NULL,
  `submgrs` varchar(255) COLLATE utf8_unicode_ci DEFAULT NULL,
  `etype` varchar(255) COLLATE utf8_unicode_ci DEFAULT NULL,
  `category` varchar(255) COLLATE utf8_unicode_ci DEFAULT NULL,
  PRIMARY KEY (`id`),
  UNIQUE KEY `index_users_on_email` (`email`) USING BTREE,
  UNIQUE KEY `index_users_on_reset_password_token` (`reset_password_token`) USING BTREE,
  KEY `index_users_on_ismanager` (`ismanager`) USING BTREE,
  KEY `index_users_on_manager_id` (`manager_id`) USING BTREE,
  KEY `index_users_on_org` (`org`) USING BTREE
) ENGINE=InnoDB AUTO_INCREMENT=49 DEFAULT CHARSET=utf8 COLLATE=utf8_unicode_ci;
/*!40101 SET character_set_client = @saved_cs_client */;

--
-- Dumping data for table `users`
--

LOCK TABLES `users` WRITE;
/*!40000 ALTER TABLE `users` DISABLE KEYS */;
INSERT INTO `users` VALUES (1,'sysadmin@teamtrack.com','$2a$10$ojYINKDwhfoanzFhndiZlOqn3fCxKArBXyER5c8ki4f6XkVfB7wje',NULL,NULL,NULL,8,'2019-05-23 03:35:27','2019-05-23 01:22:44','103.233.242.9','103.233.242.9','2019-02-08 04:57:01','2020-03-04 02:59:23','System Admin',1,1,NULL,1,0,NULL,NULL,NULL,'System',0,NULL,NULL,NULL),(2,'test2@adobe.com','$2a$10$9Ifr0nUB.kp3P4iM/j5GaO0SeYlJJLbYxKexX5Rzs7EJ8IhXVKuGq',NULL,NULL,NULL,0,NULL,NULL,NULL,NULL,'2019-02-08 04:57:01','2020-03-04 02:59:23','ExEmployeeMgr',NULL,0,1,1,0,0,NULL,NULL,'System',NULL,NULL,NULL,NULL),(3,'ktoole@algorithmia.io','$2a$10$OtOEm3KyQycqZfubFznL2.dPNYm9sZ7FPr2fN2c3IzqUsUFN1DUCW',NULL,NULL,NULL,11,'2020-03-02 19:07:01','2020-01-31 22:24:35','67.135.32.118','73.221.189.252','2019-02-11 07:08:15','2020-03-04 03:50:59','Ken Toole',1,1,43,1,1,NULL,3,NULL,'Engineering',1,NULL,'FTE','R&D'),(4,'aserna@atlassian.com','$2a$10$H4wZawF5uJ2v.2pzCf61DOWJ2WFxVprvZKZNWijdeLaQdLwCdWXQG',NULL,NULL,NULL,0,NULL,NULL,NULL,NULL,'2019-04-29 03:57:32','2019-10-17 20:07:40','Andre Serna Ex',0,0,2,1,0,NULL,3,NULL,'ExOrg',0,NULL,'FTE','R&D'),(5,'bmcnamara@atlassian.com','$2a$10$raUsi41igehiW02ozfAS.OZp2rXyv0cJvCwL0zsiprtC1SiUqg2M.',NULL,NULL,NULL,0,NULL,NULL,NULL,NULL,'2019-04-29 03:59:16','2019-10-17 20:07:26','Brendan McNamara Ex',0,0,2,1,0,NULL,4,NULL,'ExOrg',0,NULL,'FTE','R&D'),(6,'mellis2@atlassian.com','$2a$10$tDUuFOVp6Nb4NG.iMEuZwucg2MG2jSGl9TPazBNbXl3faw/hYFUQy',NULL,NULL,NULL,3,'2019-05-24 05:39:15','2019-05-23 03:43:27','103.233.242.8','103.233.242.9','2019-04-29 04:25:40','2019-10-17 20:07:13','Mark Ellis Ex',0,0,2,1,0,NULL,3,NULL,'ExOrg',0,NULL,'FTE','R&D'),(7,'hschnepel@atlassian.com','$2a$10$mto4lh51vM7vB5XOTpy1NOFmbtRwgOvbZfEifEqyhelf7STbfBPkG',NULL,NULL,NULL,0,NULL,NULL,NULL,NULL,'2019-05-23 01:24:55','2020-01-20 02:51:53','Hendrik Schnepel Ex',0,0,2,1,0,0,5,NULL,'ExOrg',0,NULL,'FTE','R&D'),(8,'lbain@atlassian.com','$2a$10$R4P3yIp03T9pFfkhq6uBhO7EMQj3GLq7WbXsZmz0ycSCuc79vByv.',NULL,NULL,NULL,0,NULL,NULL,NULL,NULL,'2019-05-23 01:26:22','2019-10-17 20:06:19','Lucy Bain Ex',0,0,2,1,0,0,5,NULL,'ExOrg',0,NULL,'FTE','R&D'),(9,'spower@atlassian.com','$2a$10$BoJZN81DW1GBWwgLIgWukuYrJQx.DFX3xWT5rqbemvE5Gkywn3QjS',NULL,NULL,NULL,0,NULL,NULL,NULL,NULL,'2019-05-23 01:27:04','2019-10-17 20:06:07','Sam Power Ex',0,0,2,1,0,0,5,NULL,'ExOrg',0,NULL,'FTE','R&D'),(10,'jmarfell@atlassian.com','$2a$10$tzv6c/FXJCvR6N/fQRsrCuJue/ADqHpu88dcnpI7GTmtoT6uoeo1u',NULL,NULL,NULL,0,NULL,NULL,NULL,NULL,'2019-05-23 01:28:27','2019-10-17 20:06:59','Jen Marfel Ex',0,0,2,1,0,NULL,4,NULL,'ExOrg',0,NULL,'FTE','R&D'),(11,'nbhawnani@atlassian.com','$2a$10$QfHyHoucOwmCy1CtbD7dfex1iqo9lMEorlzKL9/R0ZexLP4EmEN66',NULL,NULL,NULL,0,NULL,NULL,NULL,NULL,'2019-05-23 01:29:16','2019-10-17 20:06:45','Niraj Bahawnani Ex',0,0,2,1,0,0,4,NULL,'ExOrg',0,NULL,'FTE','R&D'),(12,'ukhalid@atlassian.com','$2a$10$JyktvnvONDgxbShORb4Ef.eSH0j4y0pCDiOIzo/0kG12VQOUo9Ubu',NULL,NULL,NULL,0,NULL,NULL,NULL,NULL,'2019-05-23 01:30:39','2019-10-17 20:05:53','Usman Khalid Ex',0,0,2,1,0,0,4,NULL,'ExOrg',0,NULL,'FTE','R&D'),(13,'-3467483576268389424temp@adobe.com','$2a$10$k2J4A0eU08VESGwNBFbzue5gX9KnZFVJs6a8S046RrjWYsCLOk8Nu',NULL,NULL,NULL,0,NULL,NULL,NULL,NULL,'2019-05-23 01:33:01','2020-01-20 02:51:47','Ben Humphreys Ex',0,0,2,0,0,0,5,NULL,'ExOrg',0,NULL,'Atlassian FTE','R&D'),(14,'mmanza@algorithmia.io','$2a$10$hW7/aOW/BAHZwDobkzUjtO6Ha9wgOOGFezYa35I5mvQ496gVkeQba',NULL,NULL,'2020-02-07 17:31:35',11,'2020-02-28 17:54:07','2020-02-14 18:35:10','67.87.212.59','67.87.212.59','2019-10-18 18:47:36','2020-03-04 03:35:42','Marc Manza',0,1,3,1,1,NULL,3,NULL,'Engineering-Plat',1,NULL,'FTE','R&D'),(15,'rmiller@algorithmia.io','$2a$10$iHRwCKNdR1tCNsM0dUGYnO8BStpG/1l7RAWDmPlPLNNZ90hrT.pxW',NULL,NULL,'2019-10-21 18:39:27',7,'2020-02-14 22:51:12','2020-02-03 16:27:27','204.98.54.122','67.185.27.114','2019-10-18 18:48:17','2020-03-04 03:50:59','Ryan Miller',0,1,3,1,1,NULL,3,NULL,'Engineering',0,NULL,'FTE','R&D'),(16,'anthony@algorithmia.io','$2a$10$cuRgrZZIIS58bqbF1OE62.HkCn37dWrf7K9wtCI0/ENxNWbpx2qI2',NULL,NULL,'2019-10-21 20:55:30',15,'2020-03-02 18:10:03','2020-02-24 22:00:06','174.21.12.193','204.98.54.122','2019-10-18 18:49:10','2020-03-04 02:59:23','Anthony Nowell',0,1,3,1,1,NULL,3,NULL,'Engineering',0,NULL,'FTE','R&D'),(17,'patrick@algorithmia.io','$2a$10$zswdjYoThRVyknLvI8pi0ervyzbHDkYAdfE4ZdLqnOfCDKAMXlLt2',NULL,NULL,'2019-11-05 16:30:36',1,'2019-11-05 16:30:36','2019-11-05 16:30:36','204.98.54.122','204.98.54.122','2019-10-18 18:51:06','2020-03-04 01:47:54','Patrick McQuighan',0,0,3,1,1,NULL,1,NULL,'Engineering',0,NULL,'FTE','R&D'),(18,'traack@algorithmia.io','$2a$10$F7pDUAOHuDBY5p.9CBTaveQyr3ZF1S9AgSGH9ZTXDPzUSu4XZGJEG',NULL,NULL,NULL,0,NULL,NULL,NULL,NULL,'2019-10-18 18:53:15','2020-03-04 02:09:29','Taylor Raack',0,0,3,1,1,NULL,1,NULL,'Engineering',0,NULL,'FTE','R&D'),(19,'-1580316121986594546temp@adobe.com','$2a$10$a0tDWlxyWr5XTibyRvQrweLwIJo/4R1ItI4wI0CR.0VcDN1HVd8Ja',NULL,NULL,NULL,0,NULL,NULL,NULL,NULL,'2019-10-21 19:39:01','2020-03-04 03:05:56','Denzel Morris',0,0,30,0,0,NULL,13,NULL,'Engineering',0,NULL,'FTE','R&D'),(20,'3013667214613439769temp@adobe.com','$2a$10$hQA32daL8g6dbee6K9nu.OOPtpcNxRME6V5DbDqOLSz/klKLZ0D3K',NULL,NULL,NULL,0,NULL,NULL,NULL,NULL,'2019-10-21 19:41:07','2020-03-04 03:22:41','Tim Zhukov',0,0,14,0,0,0,13,NULL,'Engineering',NULL,NULL,'FTE','R&D'),(21,'-3962425341988482921temp@adobe.com','$2a$10$71yNpjxZ40.R1RK/DjAcSuMAtyoAweni4DOyxKbB6cWG45YK1Lduy',NULL,NULL,NULL,0,NULL,NULL,NULL,NULL,'2019-10-21 19:42:02','2020-03-04 03:27:13','Zach Eddy',0,0,14,0,0,0,13,NULL,'Engineering',NULL,NULL,'FTE','R&D'),(22,'1137954281680927307temp@adobe.com','$2a$10$YmoxSM5E0ZRaRaLXbh68leQ1EKuhEuV1Wd2DiZmUqOE0yexftcNHa',NULL,NULL,NULL,0,NULL,NULL,NULL,NULL,'2019-10-21 19:45:31','2020-03-04 03:29:25','Joshua Booth',0,0,14,0,0,0,13,NULL,'Engineering',NULL,NULL,'FTE','R&D'),(23,'865453176496458187temp@adobe.com','$2a$10$b3iVVSMbqsSi9Xxmh0JkueHd35p797LGw1HNt0rY3vMHtUGZAg8/i',NULL,NULL,NULL,0,NULL,NULL,NULL,NULL,'2019-10-21 19:47:50','2020-03-04 03:15:07','Adnaan Mukadam',0,0,30,0,0,NULL,13,NULL,'Engineering',0,NULL,'FTE','R&D'),(24,'-2414029522151766176temp@adobe.com','$2a$10$0CMKLqSiA8bakpb9mr42eucts8vZYUzkBBDmSqPixwqGoM/Zj0AIG',NULL,NULL,NULL,0,NULL,NULL,NULL,NULL,'2019-10-21 19:48:54','2020-03-04 03:31:00','Dave Abbott',0,0,14,0,0,0,13,NULL,'Engineering',NULL,NULL,'FTE','R&D'),(25,'4353126320037210691temp@adobe.com','$2a$10$hY/FIlLat8qsifXLiljGCuQJ9IcKFRz4gEb7ZbZL/8YNHStqs20wK',NULL,NULL,NULL,0,NULL,NULL,NULL,NULL,'2019-10-21 19:53:27','2020-03-04 03:35:42','Joe Gleason',0,0,14,0,0,0,13,NULL,'Engineering',NULL,NULL,'FTE','R&D'),(26,'3489953114011092185temp@adobe.com','$2a$10$YAP/yfp4HzmXeqOFmKFICOKnzFHfsN.Ex6bY6pv.lcaKw07iCUTYi',NULL,NULL,NULL,0,NULL,NULL,NULL,NULL,'2019-10-21 21:25:59','2020-03-04 02:16:35','Rajaie AlKorani',0,0,16,0,0,0,11,NULL,'Engineering',NULL,NULL,'FTE','R&D'),(27,'-3988457902054029207temp@adobe.com','$2a$10$qXYA9ZDV5iTwdiaVG6Flc.z/TRpk6ycBzWSWnlsUt73X907YpKJeu',NULL,NULL,NULL,0,NULL,NULL,NULL,NULL,'2019-10-21 21:26:53','2020-03-04 02:46:56','Dhass Thirunavukarasu ',0,0,16,0,0,0,11,NULL,'Engineering',NULL,NULL,'FTE','R&D'),(28,'2408421408368462245temp@adobe.com','$2a$10$qtkfD7PTwc3fTIJlmxL0yOqnOY8KVx9uYsU/LafZL/N3efdtTeJvq',NULL,NULL,NULL,0,NULL,NULL,NULL,NULL,'2019-10-21 21:28:38','2020-03-04 02:50:22','Mike Orr',0,0,16,0,0,0,11,NULL,'Engineering',NULL,NULL,'FTE','R&D'),(29,'-3569180959138833453temp@adobe.com','$2a$10$o/lGU6w6I.gHMtV38I5CzOAsy4fCfOP1XQqLaSLDrtSdLoVgzsiES',NULL,NULL,NULL,0,NULL,NULL,NULL,NULL,'2019-10-21 21:29:15','2020-03-04 02:53:37','Harnek Sidhu',0,0,16,0,0,0,11,NULL,'Engineering',NULL,NULL,'FTE','R&D'),(30,'jamesa@algorithmia.io','$2a$10$c246ahJxUhrhK1FvCm8yXece0aOxz37bg78ELljyFeRM7tW/b0BBC',NULL,NULL,NULL,2,'2020-02-21 22:26:13','2020-02-14 17:27:58','204.98.54.122','8.46.75.8','2019-10-21 22:03:25','2020-03-04 03:17:59','James Athappilly',0,1,3,1,1,NULL,13,NULL,'Engineering',0,NULL,'FTE','R&D'),(31,'1025506318726608012temp@adobe.com','$2a$10$CjMjKgALIVwzm/VyRIFF2e33rU3IqngZ0CDV67m.SehxTe1p/Udf2',NULL,NULL,NULL,0,NULL,NULL,NULL,NULL,'2019-10-22 17:57:47','2020-03-04 03:42:03','Nathan Black',0,0,15,0,0,0,7,NULL,'Engineering',NULL,NULL,'FTE','R&D'),(32,'-180809470725031598temp@adobe.com','$2a$10$o5K0wXYqvbnPA4V9MgxQgeTDfbc2TKd6ZzcAYsmHTvWYy040tAyNm',NULL,NULL,NULL,0,NULL,NULL,NULL,NULL,'2019-10-22 18:02:06','2020-01-23 03:00:55','Kelsey Langlois Ex',0,0,2,0,0,0,7,NULL,'ExOrg',0,NULL,'FTE','R&D'),(33,'1213870994944591114temp@adobe.com','$2a$10$TRHn/8ySEqjFC7Tzh7jFeeNTGdc7poZ0URikKu5KXY2Gm10KEonnq',NULL,NULL,NULL,0,NULL,NULL,NULL,NULL,'2019-10-22 18:04:26','2020-03-04 03:48:45','James Hoover',0,0,15,0,0,0,7,NULL,'Engineering',NULL,NULL,'FTE','R&D'),(34,'-3527585397361873702temp@adobe.com','$2a$10$qvIfYu9l6T/75ugIEezgXewkwQPp.GUceiDqn00pV91LTgJoozf4m',NULL,NULL,NULL,0,NULL,NULL,NULL,NULL,'2019-10-25 20:59:18','2020-01-23 03:01:37','Creighton Adams Ex',0,0,2,0,0,0,13,NULL,'ExOrg',0,NULL,'Contractor','R&D'),(35,'4296815575358302398temp@adobe.com','$2a$10$Q/07FTPIGd1Heg.j0rqSm.ofwpBnPqmqSoBIVTeEuqjkqadyr00qi',NULL,NULL,NULL,0,NULL,NULL,NULL,NULL,'2019-10-25 20:59:41','2020-01-23 03:01:21','Evin Owen Ex',0,0,2,0,0,0,13,NULL,'ExOrg',0,NULL,'Contractor','R&D'),(36,'1255590529962252073temp@adobe.com','$2a$10$I1XZ23bwihoOEfNUKSRZT.LGqwbcT9m4DUx1O91JNNJt.t8pbb2Ba',NULL,NULL,NULL,0,NULL,NULL,NULL,NULL,'2019-10-25 21:00:02','2020-03-04 02:59:23','David Maull Ex',0,0,2,0,0,NULL,13,NULL,'ExOrg',0,NULL,'Contractor','R&D'),(37,'1921866323613345176temp@adobe.com','$2a$10$prCHLFOqFZajlSWs8o4OKeDT9S7OaoqV2HXHm.4UcQfyxO46/0IYG',NULL,NULL,NULL,0,NULL,NULL,NULL,NULL,'2019-10-25 21:00:24','2020-01-23 03:01:28','Paxton Perry Ex',0,0,2,0,0,0,13,NULL,'ExOrg',0,NULL,'Contractor','R&D'),(38,'-1754529927051999710temp@adobe.com','$2a$10$pK6qh3g4YLnmGX6qCAAkMuYC8EgwS.n4E.tvvSiqJo7GiGal2gi62',NULL,NULL,NULL,0,NULL,NULL,NULL,NULL,'2019-10-25 21:00:51','2020-01-23 03:01:12','Clinton Schneider Ex',0,0,2,0,0,0,13,NULL,'ExOrg',0,NULL,'Contractor','R&D'),(39,'2367910599273939894temp@adobe.com','$2a$10$XQ7AwTprC3EU/2mFyMjAIOHwEUc/Kl9RcABVRYOmrvaD3baBFjiqu',NULL,NULL,NULL,0,NULL,NULL,NULL,NULL,'2019-11-05 16:30:54','2020-03-04 03:50:59','Nayeli Macias',0,0,15,0,0,0,6,NULL,'Engineering',NULL,NULL,'FTE','R&D'),(40,'1862531463808145086temp@adobe.com','$2a$10$MSVsIEj2i26MOBIFN83aW.FBRwyo6HFaMj3oFiXYZ0EiKDhz5gUoe',NULL,NULL,NULL,0,NULL,NULL,NULL,NULL,'2019-11-05 17:33:00','2020-03-04 03:17:59','Alex Johnson',0,0,30,0,0,NULL,13,NULL,'Engineering',0,NULL,'FTE','R&D'),(41,'-1442420538748791161temp@adobe.com','$2a$10$0YqyRxR.olMynges0guLS.3LWR2EI7mH8dfR2zaza3ANR5XRok5uG',NULL,NULL,NULL,0,NULL,NULL,NULL,NULL,'2019-11-05 18:41:12','2020-03-04 02:58:30','Erick Peirson',0,0,16,0,0,0,11,NULL,'Engineering',NULL,NULL,'FTE','R&D'),(42,'halvarez@algorithmia.io','$2a$10$3LWm.mg/28TyIcNHTB6Hd.I1Ap4hiYbGZ6ae9xgnpTfaLOIeaz.7K',NULL,NULL,NULL,0,NULL,NULL,NULL,NULL,'2019-11-14 15:17:21','2019-11-14 15:23:12','Hernan Alvarez',0,0,43,1,1,NULL,13,NULL,'Exec',0,NULL,'FTE','Overhead'),(43,'diego@algorithmia.com','$2a$10$uvdnMnllpzUJr9KMpe.S2uZxniwF60PyicDarCc2enmrZtluIPvCW',NULL,NULL,NULL,1,'2019-11-14 15:26:18','2019-11-14 15:26:18','73.221.189.252','73.221.189.252','2019-11-14 15:21:43','2020-03-04 03:50:59','Diego Oppenheimer',0,1,NULL,1,1,NULL,3,NULL,'Exec',1,NULL,'FTE','Overhead'),(44,'tbheng@algorithmia.io','$2a$10$Fe7ZGhZgKxc0SnE4r7SeS.ekf21Ste.7gN.pn6Z/3ClxhFO7670y6',NULL,NULL,NULL,0,NULL,NULL,NULL,NULL,'2020-01-23 02:58:54','2020-02-18 17:01:11','TBH Eng Mgr Ex',0,0,2,0,0,NULL,6,NULL,'ExOrg',0,NULL,'FTE','R&D'),(46,'-4494569255340626961temp@adobe.com','$2a$10$cYRZZpMv2HsZ/X94I3npmeyz4oa5L6rv0xJtw1t3UgQ4VAdLSPIhq',NULL,NULL,NULL,0,NULL,NULL,NULL,NULL,'2020-02-01 01:02:00','2020-03-02 18:10:19','Christian Gough',0,0,16,0,0,0,11,NULL,'Engineering',NULL,NULL,'FTE','R&D'),(47,'-2987602744112375263temp@adobe.com','$2a$10$fVSFtybWW5c5fPlTkr9qjeoyzrKmD2LgXfufvrH0Pe4u0U2RQgvcG',NULL,NULL,NULL,0,NULL,NULL,NULL,NULL,'2020-02-25 19:33:50','2020-02-25 19:34:17','Rob Close',0,0,30,0,0,NULL,13,NULL,'Engineering',0,NULL,'FTE','R&D'),(48,'-187531789849358750temp@adobe.com','$2a$10$jnufGKGm9FGGM0/QkL9VQOgfKlJeKmZSC54OmBjmkAUA2GblsFARa',NULL,NULL,NULL,0,NULL,NULL,NULL,NULL,'2020-03-02 19:57:16','2020-03-02 19:57:16','Calvin Raveenthran',0,0,16,0,0,0,11,NULL,'Engineering',NULL,NULL,'FTE','R&D');
/*!40000 ALTER TABLE `users` ENABLE KEYS */;
UNLOCK TABLES;
SET @@SESSION.SQL_LOG_BIN = @MYSQLDUMP_TEMP_LOG_BIN;
/*!40103 SET TIME_ZONE=@OLD_TIME_ZONE */;

/*!40101 SET SQL_MODE=@OLD_SQL_MODE */;
/*!40014 SET FOREIGN_KEY_CHECKS=@OLD_FOREIGN_KEY_CHECKS */;
/*!40014 SET UNIQUE_CHECKS=@OLD_UNIQUE_CHECKS */;
/*!40101 SET CHARACTER_SET_CLIENT=@OLD_CHARACTER_SET_CLIENT */;
/*!40101 SET CHARACTER_SET_RESULTS=@OLD_CHARACTER_SET_RESULTS */;
/*!40101 SET COLLATION_CONNECTION=@OLD_COLLATION_CONNECTION */;
/*!40111 SET SQL_NOTES=@OLD_SQL_NOTES */;

-- Dump completed on 2020-03-03 19:59:54
